,Unnamed: 0,Locations,capacity_solar,cf_solar,reg_mult_solar,capacity_wind,cf_wind,reg_mult_wind,latitude,longitude,county,capacity_geo,cf_geo,state,reg_mult,trans_dist_orig,trans_dist,telecom_dist,water_price,location,clim_zone,state_id,total_capacity
0,52218,73480,4234.64,0.34,0.93,294.0,0.43,1.01,32.2,-102.97,Andrews,0.0,0.0,Texas,0.93,40.04,369.6,49.76,3.7857142857142856,48003,3B,48,4528.64
1,54319,77344,3912.38,0.26,0.88,264.0,0.38,0.95,31.4,-94.79,Angelina,202.46,0.99,Texas,0.88,83.46,508.6,4.92,3.7857142857142856,48005,2B,48,4378.84
2,58269,90245,1804.19,0.29,0.88,246.0,0.44,0.95,28.0,-97.14,Aransas,65.1,0.99,Texas,0.88,82.58,746.75,8.8,3.7857142857142856,48007,2B,48,2115.29
3,49011,68572,4139.06,0.3,0.93,288.0,0.49,1.0,33.65,-98.93,Archer,50.34,0.99,Texas,0.93,110.58,280.75,22.43,3.7857142857142856,48009,3B,48,4477.400000000001
4,57876,87572,4143.64,0.29,0.89,276.0,0.39,0.96,28.68,-98.74,Atascosa,250.43,0.99,Texas,0.89,58.56,663.43,32.97,3.7857142857142856,48013,2B,48,4670.070000000001
5,56881,83031,3970.24,0.28,0.87,276.0,0.42,0.94,29.91,-96.42,Austin,298.28,0.99,Texas,0.87,50.62,631.03,7.97,3.7857142857142856,48015,2B,48,4544.5199999999995
6,47066,65881,4236.67,0.33,0.94,288.0,0.43,1.02,34.18,-103.03,Bailey,0.0,0.0,Texas,0.94,74.57,214.86,23.06,3.7857142857142856,48017,4B,48,4524.67
7,56857,83007,4218.96,0.29,0.89,294.0,0.44,0.97,29.86,-99.4,Bandera,0.0,0.0,Texas,0.89,53.17,561.95,8.7,3.7857142857142856,48019,2B,48,4512.96
8,56308,81505,4042.33,0.28,0.87,282.0,0.43,0.95,30.31,-97.18,Bastrop,268.09,0.99,Texas,0.87,21.99,578.6,7.27,3.7857142857142856,48021,2B,48,4592.42
9,49528,69329,4137.96,0.31,0.92,318.0,0.51,1.0,33.44,-99.31,Baylor,203.63,0.99,Texas,0.92,115.69,284.27,17.47,3.7857142857142856,48023,3B,48,4659.59
10,58060,88721,4129.02,0.29,0.88,264.0,0.41,0.95,28.4,-97.63,Bee,321.3,0.99,Texas,0.88,36.61,706.01,13.47,3.7857142857142856,48025,2B,48,4714.320000000001
11,57108,83772,4073.81,0.29,0.89,288.0,0.45,0.96,29.68,-98.78,Bexar,0.0,0.0,Texas,0.89,12.5,585.98,5.69,3.7857142857142856,48029,2B,48,4361.8099999999995
12,56146,81114,4226.54,0.3,0.89,294.0,0.5,0.96,30.38,-98.55,Blanco,0.0,0.0,Texas,0.89,51.66,536.35,14.29,3.7857142857142856,48031,3B,48,4520.54
13,51511,72352,4223.51,0.33,0.93,282.0,0.43,1.0,32.58,-101.46,Borden,0.0,0.0,Texas,0.93,22.22,329.58,29.33,3.7857142857142856,48033,3B,48,4505.51
14,52927,74661,4144.97,0.29,0.9,288.0,0.51,0.97,32.09,-97.72,Bosque,226.13,0.99,Texas,0.9,55.03,434.19,5.34,3.7857142857142856,48035,2B,48,4659.1
15,49563,69364,3861.44,0.27,0.91,270.0,0.4,0.97,33.48,-94.75,Bowie,188.49,0.99,Texas,0.91,57.94,352.23,8.42,3.7857142857142856,48037,3B,48,4319.93
16,57503,85317,3836.27,0.28,0.86,264.0,0.37,0.94,29.31,-95.68,Brazoria,101.36,0.99,Texas,0.86,17.4,687.15,9.92,3.7857142857142856,48039,2B,48,4201.63
17,55446,79612,4033.7,0.28,0.87,270.0,0.41,0.95,30.81,-96.3,Brazos,231.69,0.99,Texas,0.87,70.74,574.31,16.64,3.7857142857142856,48041,2B,48,4535.389999999999
18,56956,83352,4255.44,0.35,0.93,330.0,0.26,1.01,29.56,-103.72,Brewster,446.96,0.99,Texas,0.93,115.83,588.84,31.94,3.7857142857142856,48043,3B,48,5032.4
19,45917,64376,4234.37,0.31,0.94,276.0,0.34,1.02,34.67,-101.09,Briscoe,0.0,0.0,Texas,0.94,82.92,157.06,32.92,3.7857142857142856,48045,4B,48,4510.37
20,55632,79989,4072.89,0.28,0.87,276.0,0.41,0.95,30.71,-96.68,Burleson,324.64,0.99,Texas,0.87,66.73,567.08,19.99,3.7857142857142856,48051,2B,48,4673.53
21,55056,78836,4230.07,0.3,0.89,288.0,0.53,0.97,30.99,-98.32,Burnet,0.0,0.0,Texas,0.89,59.49,496.21,18.26,3.7857142857142856,48053,3B,48,4518.07
22,52701,74267,4196.98,0.31,0.91,300.0,0.54,0.98,32.15,-99.51,Callahan,0.0,0.0,Texas,0.91,88.74,380.32,25.53,3.7857142857142856,48059,3B,48,4496.98
23,50829,71262,3761.19,0.28,0.9,264.0,0.41,0.97,32.99,-95.02,Camp,225.64,0.99,Texas,0.9,35.24,396.8,7.29,3.7857142857142856,48063,3B,48,4250.83
24,43519,61334,4187.96,0.32,0.94,330.0,0.56,1.02,35.44,-101.42,Carson,0.0,0.0,Texas,0.94,134.25,90.13,7.08,3.7857142857142856,48065,4B,48,4517.96
25,46488,65125,4165.79,0.33,0.94,294.0,0.51,1.02,34.41,-102.53,Castro,0.0,0.0,Texas,0.94,63.12,185.12,21.64,3.7857142857142856,48069,4B,48,4459.79
26,46507,65144,4105.76,0.31,0.94,300.0,0.48,1.01,34.51,-100.02,Childress,240.72,0.99,Texas,0.94,73.09,183.35,22.33,3.7857142857142856,48075,3B,48,4646.4800000000005
27,49242,68921,4226.77,0.34,0.94,294.0,0.48,1.02,33.39,-102.96,Cochran,0.0,0.0,Texas,0.94,31.17,274.53,26.15,3.7857142857142856,48079,4B,48,4520.77
28,53307,75398,4237.85,0.32,0.91,348.0,0.51,0.99,31.82,-100.64,Coke,0.0,0.0,Texas,0.91,57.91,394.94,16.5,3.7857142857142856,48081,3B,48,4585.85
29,53898,76547,4201.58,0.31,0.9,282.0,0.42,0.98,31.56,-99.48,Coleman,0.0,0.0,Texas,0.9,130.43,427.74,28.78,3.7857142857142856,48083,3B,48,4483.58
30,50315,70492,4080.94,0.28,0.91,288.0,0.5,0.98,33.19,-96.31,Collin,98.98,0.99,Texas,0.91,1.31,426.9,6.49,3.7857142857142856,48085,3B,48,4467.92
31,45631,64004,4192.41,0.31,0.94,288.0,0.48,1.02,34.81,-100.04,Collingsworth,222.56,0.99,Texas,0.94,132.31,159.82,21.71,3.7857142857142856,48087,3B,48,4702.97
32,57005,83411,4126.92,0.28,0.87,282.0,0.41,0.94,29.81,-96.42,Colorado,319.76,0.99,Texas,0.87,48.93,638.0,7.22,3.7857142857142856,48089,2B,48,4728.68
33,56727,82636,4197.15,0.29,0.89,282.0,0.44,0.96,29.99,-98.29,Comal,0.0,0.0,Texas,0.89,33.89,571.99,10.8,3.7857142857142856,48091,2B,48,4479.15
34,45642,64015,4239.32,0.3,0.93,324.0,0.56,1.01,34.84,-98.58,Comanche,0.0,0.0,Oklahoma,0.93,77.21,218.15,84.06,3.7857142857142856,48093,3B,48,4563.32
35,54469,77682,4235.12,0.31,0.91,324.0,0.52,0.98,31.24,-100.1,Concho,0.0,0.0,Texas,0.91,91.03,445.12,9.24,3.7857142857142856,48095,3B,48,4559.12
36,49024,68585,4167.42,0.29,0.92,294.0,0.5,0.99,33.68,-97.23,Cooke,0.0,0.0,Texas,0.92,15.17,352.67,5.72,3.7857142857142856,48097,3B,48,4461.42
37,54106,76942,4176.61,0.29,0.89,288.0,0.5,0.96,31.5,-97.58,Coryell,137.66,0.99,Texas,0.89,43.66,480.88,20.12,3.7857142857142856,48099,2B,48,4602.2699999999995
38,47934,67043,4216.66,0.31,0.93,294.0,0.47,1.01,34.01,-100.12,Cottle,212.57,0.99,Texas,0.93,48.29,220.8,19.01,3.7857142857142856,48101,3B,48,4723.23
39,54258,77283,4223.46,0.34,0.93,300.0,0.41,1.0,31.23,-102.5,Crane,0.0,0.0,Texas,0.93,10.04,442.0,22.08,3.7857142857142856,48103,3B,48,4523.46
40,49255,68934,4207.5,0.32,0.93,282.0,0.45,1.01,33.48,-101.27,Crosby,0.0,0.0,Texas,0.93,31.96,255.46,20.36,3.7857142857142856,48107,3B,48,4489.5
41,54813,78404,4253.5,0.35,0.94,294.0,0.33,1.01,30.78,-104.85,Culberson,503.56,0.99,Texas,0.94,94.91,520.85,29.21,3.7857142857142856,48109,3B,48,5051.06
42,40081,57147,4240.08,0.32,0.94,318.0,0.51,1.03,36.48,-102.45,Dallam,0.0,0.0,Texas,0.94,51.19,37.77,46.06,3.7857142857142856,48111,4B,48,4558.08
43,44115,62083,4240.5,0.33,0.94,324.0,0.52,1.03,35.18,-102.87,Deaf Smith,0.0,0.0,Texas,0.94,126.33,135.39,49.51,3.7857142857142856,48117,4B,48,4564.5
44,49803,69728,4168.57,0.29,0.92,288.0,0.47,0.98,33.39,-96.84,Denton,0.0,0.0,Texas,0.92,33.6,389.28,12.15,3.7857142857142856,48121,3B,48,4456.57
45,57634,86065,4111.35,0.28,0.87,288.0,0.4,0.95,29.11,-97.16,Dewitt,427.32,0.99,Texas,0.87,84.97,665.76,13.93,3.7857142857142856,48123,2B,48,4826.67
46,48731,68179,4241.56,0.32,0.93,300.0,0.52,1.01,33.7,-100.63,Dickens,0.0,0.0,Texas,0.93,15.99,240.41,22.57,3.7857142857142856,48125,3B,48,4541.56
47,58098,89085,4137.99,0.3,0.89,270.0,0.41,0.96,28.25,-99.58,Dimmit,477.65,0.99,Texas,0.89,110.1,685.6,43.42,3.7857142857142856,48127,2B,48,4885.639999999999
48,45333,63620,4227.87,0.31,0.94,288.0,0.49,1.02,34.89,-100.57,Donley,0.0,0.0,Texas,0.94,111.82,142.42,11.97,3.7857142857142856,48129,4B,48,4515.87
49,52253,73515,4194.6,0.3,0.9,300.0,0.53,0.98,32.37,-98.49,Eastland,0.0,0.0,Texas,0.9,84.42,388.06,24.42,3.7857142857142856,48133,3B,48,4494.6
50,53093,75001,4208.46,0.34,0.93,288.0,0.45,1.01,31.81,-102.81,Ector,0.0,0.0,Texas,0.93,18.02,398.41,27.75,3.7857142857142856,48135,3B,48,4496.46
51,41379,58685,4195.11,0.31,0.94,300.0,0.56,1.02,36.19,-99.98,Ellis,151.2,0.99,Oklahoma,0.94,38.08,73.35,13.61,3.7857142857142856,48139,3B,48,4646.3099999999995
52,52428,73836,4221.68,0.35,0.94,294.0,0.38,1.02,31.89,-106.01,El Paso,474.01,0.99,Texas,0.94,16.11,484.22,41.63,3.7857142857142856,48141,5B,48,4989.6900000000005
53,52925,74659,4168.7,0.3,0.9,300.0,0.5,0.97,32.09,-97.97,Erath,0.0,0.0,Texas,0.9,67.84,425.61,15.18,3.7857142857142856,48143,3B,48,4468.7
54,54687,78089,4138.7,0.28,0.88,264.0,0.44,0.95,31.21,-96.68,Falls,311.37,0.99,Texas,0.88,86.87,533.02,5.75,3.7857142857142856,48145,2B,48,4714.07
55,51033,71599,4222.85,0.32,0.92,294.0,0.5,1.0,32.81,-100.57,Fisher,0.0,0.0,Texas,0.92,27.34,314.0,12.33,3.7857142857142856,48151,3B,48,4516.85
56,48472,67804,4211.89,0.31,0.93,288.0,0.48,1.01,33.82,-99.98,Foard,182.89,0.99,Texas,0.93,50.67,238.95,37.04,3.7857142857142856,48155,3B,48,4682.780000000001
57,57336,84555,4061.06,0.28,0.86,252.0,0.4,0.94,29.51,-95.93,Fort Bend,98.42,0.99,Texas,0.86,28.25,675.79,5.45,3.7857142857142856,48157,2B,48,4411.48
58,53536,75811,4000.0,0.28,0.89,282.0,0.45,0.96,31.8,-96.44,Freestone,312.43,0.99,Texas,0.89,61.38,503.93,2.67,3.7857142857142856,48161,2B,48,4594.43
59,57812,87190,4195.02,0.29,0.89,282.0,0.4,0.96,28.77,-98.99,Frio,242.0,0.99,Texas,0.89,57.72,652.42,18.16,3.7857142857142856,48163,2B,48,4719.02
60,50767,71200,4209.9,0.34,0.93,294.0,0.45,1.01,32.79,-103.03,Gaines,0.0,0.0,Texas,0.93,19.1,323.4,29.06,3.7857142857142856,48165,3B,48,4503.9
61,57342,84561,3431.43,0.28,0.86,150.0,0.38,0.94,29.51,-95.19,Galveston,50.03,0.99,Texas,0.86,11.62,661.2,1.4,3.7857142857142856,48167,2B,48,3631.46
62,50529,70832,4188.17,0.32,0.93,294.0,0.48,1.01,32.97,-101.49,Garza,0.0,0.0,Texas,0.93,52.39,297.09,28.42,3.7857142857142856,48169,3B,48,4482.17
63,55974,80728,4231.83,0.3,0.9,294.0,0.54,0.97,30.46,-99.3,Gillespie,0.0,0.0,Texas,0.9,45.11,516.22,32.37,3.7857142857142856,48171,3B,48,4525.83
64,53105,75013,4166.24,0.33,0.92,288.0,0.52,1.0,31.89,-101.28,Glasscock,0.0,0.0,Texas,0.92,17.42,385.91,27.06,3.7857142857142856,48173,3B,48,4454.24
65,57947,87961,4157.49,0.29,0.88,288.0,0.43,0.95,28.6,-97.64,Goliad,262.25,0.99,Texas,0.88,22.32,690.98,18.91,3.7857142857142856,48175,2B,48,4707.74
66,57231,84163,4107.48,0.28,0.87,282.0,0.4,0.95,29.6,-97.41,Gonzales,124.48,0.99,Texas,0.87,35.51,622.48,11.45,3.7857142857142856,48177,2B,48,4513.959999999999
67,51805,72784,3756.37,0.27,0.9,240.0,0.4,0.97,32.59,-94.77,Gregg,198.67,0.99,Texas,0.9,6.68,418.29,9.12,3.7857142857142856,48183,3B,48,4195.04
68,55637,79994,4027.45,0.28,0.87,288.0,0.4,0.94,30.71,-96.05,Grimes,416.05,0.99,Texas,0.87,55.46,590.72,4.92,3.7857142857142856,48185,2B,48,4731.5
69,45299,63586,4253.12,0.33,0.95,372.0,0.48,1.04,34.65,-105.07,Guadalupe,0.0,0.0,New Mexico,0.95,100.24,276.94,233.14,3.7857142857142856,48187,4B,48,4625.12
70,40721,57913,4209.78,0.32,0.94,318.0,0.53,1.03,36.32,-101.62,Hansford,0.0,0.0,Texas,0.94,31.04,15.31,23.88,3.7857142857142856,48195,4B,48,4527.78
71,42295,59802,4244.44,0.33,0.95,300.0,0.48,1.03,35.76,-103.06,Hartley,0.0,0.0,Texas,0.95,198.29,108.69,68.71,3.7857142857142856,48205,4B,48,4544.44
72,45079,63282,4184.14,0.26,0.93,288.0,0.42,0.99,35.06,-94.99,Haskell,353.52,0.99,Oklahoma,0.93,67.42,257.62,149.86,3.7857142857142856,48207,3B,48,4825.66
73,56443,81877,4188.48,0.29,0.89,282.0,0.52,0.96,30.19,-98.17,Hays,0.0,0.0,Texas,0.89,25.39,559.5,8.6,3.7857142857142856,48209,2B,48,4470.48
74,41692,59062,4210.75,0.31,0.94,294.0,0.55,1.02,36.08,-100.38,Hemphill,72.77,0.99,Texas,0.94,69.95,55.49,19.26,3.7857142857142856,48211,3B,48,4577.52
75,50218,70394,4211.8,0.35,0.95,270.0,0.26,1.02,32.51,-108.95,Hidalgo,789.88,0.99,New Mexico,0.95,153.86,597.07,269.42,3.7857142857142856,48215,3B,48,5271.68
76,1156,8093,4202.65,0.24,0.98,300.0,0.47,1.07,48.67,-109.53,Hill,225.24,0.99,Montana,0.98,117.41,1225.08,1599.64,3.7857142857142856,48217,6B,48,4727.889999999999
77,48454,67786,4150.28,0.33,0.93,294.0,0.48,1.01,33.72,-102.33,Hockley,0.0,0.0,Texas,0.93,23.88,237.84,16.38,3.7857142857142856,48219,4B,48,4444.28
78,52021,73142,4129.0,0.29,0.91,300.0,0.51,0.97,32.49,-97.6,Hood,202.8,0.99,Texas,0.91,25.2,411.23,9.17,3.7857142857142856,48221,3B,48,4631.8
79,53657,76118,4248.36,0.35,0.94,300.0,0.31,1.02,31.32,-105.68,Hudspeth,559.57,0.99,Texas,0.94,51.82,509.47,18.42,3.7857142857142856,48229,3B,48,5107.929999999999
80,50572,70875,4050.66,0.28,0.91,282.0,0.46,0.97,33.09,-95.92,Hunt,261.56,0.99,Texas,0.91,27.3,423.69,6.33,3.7857142857142856,48231,3B,48,4594.22
81,41997,59435,4187.01,0.32,0.94,300.0,0.5,1.02,35.94,-101.32,Hutchinson,0.0,0.0,Texas,0.94,25.32,48.04,18.67,3.7857142857142856,48233,4B,48,4487.01
82,53887,76536,4252.04,0.32,0.91,312.0,0.48,0.99,31.51,-100.87,Irion,0.0,0.0,Texas,0.91,45.63,418.34,25.66,3.7857142857142856,48235,3B,48,4564.04
83,49538,69339,4158.56,0.3,0.92,288.0,0.52,0.99,33.47,-98.01,Jack,1.39,0.99,Texas,0.92,10.65,328.94,20.99,3.7857142857142856,48237,3B,48,4447.950000000001
84,58577,93270,4174.59,0.31,0.89,330.0,0.5,0.96,27.16,-98.93,Jim Hogg,593.63,0.99,Texas,0.89,171.98,776.78,30.89,3.7857142857142856,48247,2B,48,5098.22
85,58261,90237,4105.18,0.29,0.88,288.0,0.46,0.96,27.99,-98.11,Jim Wells,283.63,0.99,Texas,0.88,98.88,726.85,14.82,3.7857142857142856,48249,2B,48,4676.81
86,57755,86817,4110.32,0.29,0.88,282.0,0.44,0.95,28.89,-98.13,Karnes,232.97,0.99,Texas,0.88,34.21,658.25,16.77,3.7857142857142856,48255,2B,48,4625.29
87,51794,72773,4113.64,0.28,0.9,276.0,0.46,0.97,32.6,-96.18,Kaufman,228.74,0.99,Texas,0.9,30.44,466.93,12.82,3.7857142857142856,48257,3B,48,4618.38
88,58741,95181,4204.29,0.29,0.88,288.0,0.5,0.95,26.69,-97.6,Kenedy,428.57,0.99,Texas,0.88,204.1,834.04,31.31,3.7857142857142856,48261,2B,48,4920.86
89,56716,82625,4236.61,0.3,0.9,324.0,0.54,0.97,29.96,-99.66,Kerr,0.0,0.0,Texas,0.9,70.91,551.63,23.08,3.7857142857142856,48265,3B,48,4560.61
90,55972,80726,4236.53,0.3,0.9,312.0,0.55,0.97,30.46,-99.55,Kimble,0.0,0.0,Texas,0.9,53.93,513.22,21.54,3.7857142857142856,48267,3B,48,4548.53
91,48735,68183,4236.64,0.31,0.93,324.0,0.48,1.01,33.72,-100.11,King,224.56,0.99,Texas,0.93,44.86,244.97,39.97,3.7857142857142856,48269,3B,48,4785.200000000001
92,57206,84138,4237.26,0.29,0.9,306.0,0.48,0.97,29.53,-100.5,Kinney,337.51,0.99,Texas,0.9,116.69,579.16,25.82,3.7857142857142856,48271,2B,48,4880.77
93,58552,92898,4093.46,0.29,0.88,294.0,0.43,0.96,27.29,-97.97,Kleberg,350.98,0.99,Texas,0.88,152.29,782.31,16.03,3.7857142857142856,48273,2B,48,4738.4400000000005
94,47645,66647,4160.59,0.33,0.94,306.0,0.5,1.02,34.03,-102.23,Lamb,0.0,0.0,Texas,0.94,28.58,211.86,15.11,3.7857142857142856,48279,4B,48,4466.59
95,54485,77698,4228.36,0.3,0.9,282.0,0.49,0.97,31.29,-98.08,Lampasas,0.0,0.0,Texas,0.9,73.6,480.24,17.22,3.7857142857142856,48281,3B,48,4510.36
96,57494,85308,4071.67,0.28,0.87,270.0,0.39,0.94,29.31,-96.79,Lavaca,349.23,0.99,Texas,0.87,74.75,661.55,19.83,3.7857142857142856,48285,2B,48,4690.9
97,41378,58684,4180.0,0.31,0.94,300.0,0.55,1.02,36.18,-100.12,Lipscomb,253.75,0.99,Texas,0.94,213.82,65.0,5.7,3.7857142857142856,48295,4B,48,4733.75
98,58162,89476,4163.69,0.29,0.88,288.0,0.47,0.96,28.19,-98.24,Live Oak,503.55,0.99,Texas,0.88,82.38,709.55,20.51,3.7857142857142856,48297,2B,48,4955.24
99,55241,79214,4231.47,0.3,0.89,288.0,0.42,0.97,30.88,-98.57,Llano,0.0,0.0,Texas,0.89,16.2,498.05,12.26,3.7857142857142856,48299,3B,48,4519.47
100,52880,74614,4233.01,0.34,0.93,288.0,0.32,1.01,31.86,-103.7,Loving,0.0,0.0,Texas,0.93,71.15,410.47,24.54,3.7857142857142856,48301,3B,48,4521.01
101,48459,67791,4114.98,0.33,0.93,288.0,0.52,1.01,33.76,-101.68,Lubbock,0.0,0.0,Texas,0.93,10.0,232.27,11.08,3.7857142857142856,48303,3B,48,4402.98
102,49507,69308,4198.11,0.33,0.93,288.0,0.48,1.01,33.34,-102.04,Lynn,0.0,0.0,Texas,0.93,13.02,267.05,19.03,3.7857142857142856,48305,3B,48,4486.11
103,55048,78828,4226.71,0.3,0.9,312.0,0.49,0.97,30.96,-99.33,McCulloch,0.0,0.0,Texas,0.9,22.2,476.86,21.11,3.7857142857142856,48307,3B,48,4538.71
104,53913,76562,4128.19,0.29,0.89,288.0,0.5,0.96,31.6,-97.58,McLennan,125.19,0.99,Texas,0.89,50.82,473.81,11.44,3.7857142857142856,48309,2B,48,4541.379999999999
105,58159,89473,4217.11,0.3,0.88,300.0,0.46,0.96,28.18,-98.6,McMullen,576.74,0.99,Texas,0.88,91.95,703.84,26.93,3.7857142857142856,48311,2B,48,5093.849999999999
106,57770,86832,4089.55,0.28,0.87,270.0,0.39,0.94,28.91,-96.3,Matagorda,118.61,0.99,Texas,0.87,62.13,705.07,19.99,3.7857142857142856,48321,2B,48,4478.16
107,57801,87179,4195.01,0.3,0.9,282.0,0.35,0.97,28.73,-100.33,Maverick,307.24,0.99,Texas,0.9,114.93,642.92,16.64,3.7857142857142856,48323,2B,48,4784.25
108,55442,79608,4051.76,0.28,0.88,282.0,0.42,0.95,30.81,-96.81,Milam,318.96,0.99,Texas,0.88,62.84,555.71,19.18,3.7857142857142856,48331,2B,48,4652.72
109,53713,76174,4224.67,0.3,0.9,294.0,0.54,0.97,31.68,-98.6,Mills,0.0,0.0,Texas,0.9,114.21,437.16,13.96,3.7857142857142856,48333,5A,48,4518.67
110,48753,68201,4150.31,0.29,0.92,300.0,0.5,0.99,33.77,-97.76,Montague,3.06,0.99,Texas,0.92,17.74,321.54,4.63,3.7857142857142856,48337,3B,48,4453.370000000001
111,47928,67037,4242.43,0.32,0.94,318.0,0.54,1.02,33.98,-100.91,Motley,0.0,0.0,Texas,0.94,58.24,215.55,11.02,3.7857142857142856,48345,3B,48,4560.43
112,53549,75824,3875.92,0.27,0.89,264.0,0.39,0.96,31.8,-94.78,Nacogdoches,351.7,0.99,Texas,0.89,51.16,478.32,16.82,3.7857142857142856,48347,3B,48,4491.62
113,53535,75810,4107.48,0.28,0.89,282.0,0.46,0.96,31.8,-96.56,Navarro,235.21,0.99,Texas,0.89,58.7,498.52,15.97,3.7857142857142856,48349,3B,48,4624.69
114,52237,73499,4210.0,0.32,0.91,336.0,0.56,0.99,32.32,-100.54,Nolan,0.0,0.0,Texas,0.91,24.78,354.67,12.06,3.7857142857142856,48353,3B,48,4546.0
115,58400,91381,4095.74,0.3,0.88,270.0,0.46,0.95,27.7,-97.62,Nueces,102.25,0.99,Texas,0.88,84.29,758.64,14.55,3.7857142857142856,48355,2B,48,4467.99
116,41374,58680,4196.45,0.31,0.94,306.0,0.54,1.02,36.16,-100.66,Ochiltree,67.76,0.99,Texas,0.94,58.63,37.41,29.42,3.7857142857142856,48357,4B,48,4570.21
117,51292,71995,4202.44,0.3,0.91,288.0,0.5,0.98,32.77,-98.5,Palo Pinto,0.0,0.0,Texas,0.91,79.09,358.71,19.56,3.7857142857142856,48363,3B,48,4490.44
118,51782,72761,4169.81,0.29,0.91,282.0,0.49,0.98,32.59,-97.73,Parker,181.98,0.99,Texas,0.91,35.33,399.49,18.27,3.7857142857142856,48367,3B,48,4633.79
119,45903,64362,4198.72,0.33,0.94,306.0,0.51,1.02,34.58,-102.94,Parmer,0.0,0.0,Texas,0.94,86.4,181.67,22.63,3.7857142857142856,48369,4B,48,4504.72
120,54831,78422,4239.91,0.33,0.93,348.0,0.53,1.0,30.93,-102.6,Pecos,0.0,0.0,Texas,0.93,16.1,467.19,31.12,3.7857142857142856,48371,3B,48,4587.91
121,55380,79546,4243.55,0.34,0.93,264.0,0.27,1.01,30.5,-104.57,Presidio,630.9,0.99,Texas,0.93,106.1,534.08,16.49,3.7857142857142856,48377,3B,48,5138.45
122,51070,71636,3679.37,0.28,0.9,282.0,0.44,0.97,32.9,-95.8,Rains,214.16,0.99,Texas,0.9,43.57,431.74,4.07,3.7857142857142856,48379,3B,48,4175.53
123,45028,63231,4178.25,0.32,0.94,294.0,0.53,1.02,34.94,-101.78,Randall,0.0,0.0,Texas,0.94,89.19,133.23,17.54,3.7857142857142856,48381,4B,48,4472.25
124,54456,77669,4157.92,0.33,0.92,300.0,0.56,0.99,31.17,-101.74,Reagan,0.0,0.0,Texas,0.92,29.11,444.06,34.31,3.7857142857142856,48383,3B,48,4457.92
125,56573,82243,4231.66,0.3,0.9,312.0,0.55,0.97,30.05,-99.91,Real,0.0,0.0,Texas,0.9,88.28,541.77,35.61,3.7857142857142856,48385,2B,48,4543.66
126,49304,68983,3933.28,0.27,0.91,288.0,0.41,0.97,33.58,-94.88,Red River,193.22,0.99,Texas,0.91,66.31,349.59,11.58,3.7857142857142856,48387,3B,48,4414.500000000001
127,54633,78034,4234.25,0.33,0.93,300.0,0.3,1.01,30.97,-103.61,Reeves,0.0,0.0,Texas,0.93,15.02,477.71,14.55,3.7857142857142856,48389,3B,48,4534.25
128,58169,89483,4011.58,0.29,0.88,270.0,0.42,0.95,28.2,-97.39,Refugio,181.14,0.99,Texas,0.88,56.89,726.29,17.32,3.7857142857142856,48391,2B,48,4462.72
129,42616,60197,4235.51,0.31,0.94,342.0,0.55,1.02,35.76,-101.04,Roberts,0.0,0.0,Texas,0.94,164.35,66.22,25.34,3.7857142857142856,48393,4B,48,4577.51
130,51065,71631,3082.13,0.28,0.9,210.0,0.49,0.97,32.89,-96.44,Rockwall,30.32,0.99,Texas,0.9,22.24,437.07,5.94,3.7857142857142856,48397,3B,48,3322.4500000000003
131,53704,76165,4218.09,0.31,0.91,276.0,0.4,0.98,31.65,-99.74,Runnels,0.0,0.0,Texas,0.91,113.14,416.58,25.67,3.7857142857142856,48399,3B,48,4494.09
132,53354,75445,4021.74,0.27,0.89,264.0,0.4,0.96,31.9,-94.65,Rusk,434.78,0.99,Texas,0.89,44.74,467.66,17.27,3.7857142857142856,48401,6A,48,4720.5199999999995
133,53946,76595,3828.62,0.26,0.89,270.0,0.38,0.96,31.58,-93.39,Sabine,518.7,0.99,Louisiana,0.89,65.51,468.33,53.34,3.7857142857142856,48403,3A,48,4617.32
134,53940,76589,3827.37,0.26,0.89,276.0,0.38,0.96,31.59,-94.15,San Augustine,337.26,0.99,Texas,0.89,65.3,480.29,22.35,3.7857142857142856,48405,3B,48,4440.63
135,56006,80760,3863.86,0.26,0.87,276.0,0.38,0.94,30.51,-95.3,San Jacinto,291.06,0.99,Texas,0.87,44.79,588.49,17.3,3.7857142857142856,48407,2B,48,4430.920000000001
136,58217,89861,4143.64,0.29,0.88,276.0,0.42,0.95,28.1,-97.63,San Patricio,136.96,0.99,Texas,0.88,55.61,728.56,13.53,3.7857142857142856,48409,2B,48,4556.6
137,54861,78452,4250.93,0.3,0.9,312.0,0.53,0.97,31.08,-98.83,San Saba,0.0,0.0,Texas,0.9,37.34,477.56,14.53,3.7857142857142856,48411,3B,48,4562.93
138,54850,78441,4239.52,0.31,0.91,300.0,0.55,0.98,31.03,-100.21,Schleicher,0.0,0.0,Texas,0.91,97.08,460.51,32.21,3.7857142857142856,48413,3B,48,4539.52
139,50785,71218,4219.5,0.32,0.93,306.0,0.49,1.0,32.9,-100.71,Scurry,0.0,0.0,Texas,0.93,13.89,305.63,26.7,3.7857142857142856,48415,3B,48,4525.5
140,51768,72747,4149.2,0.31,0.91,300.0,0.56,0.99,32.55,-99.53,Shackelford,0.0,0.0,Texas,0.91,77.6,348.77,18.48,3.7857142857142856,48417,3B,48,4449.2
141,52714,74280,4202.22,0.29,0.9,294.0,0.5,0.97,32.19,-97.84,Somervell,120.23,0.99,Texas,0.9,57.04,422.78,9.89,3.7857142857142856,48425,3B,48,4616.45
142,58752,95551,4180.81,0.3,0.89,294.0,0.48,0.96,26.56,-98.79,Starr,608.08,0.99,Texas,0.89,213.27,824.53,18.36,3.7857142857142856,48427,2B,48,5082.89
143,53108,75016,4180.18,0.32,0.91,396.0,0.53,0.99,31.9,-100.9,Sterling,0.0,0.0,Texas,0.91,40.85,386.03,42.85,3.7857142857142856,48431,3B,48,4576.18
144,50283,70460,4236.27,0.32,0.93,294.0,0.47,1.0,33.11,-100.46,Stonewall,0.0,0.0,Texas,0.93,51.89,290.09,20.81,3.7857142857142856,48433,3B,48,4530.27
145,56128,81096,4180.51,0.31,0.9,294.0,0.52,0.98,30.31,-100.8,Sutton,360.13,0.99,Texas,0.9,113.17,514.64,32.91,3.7857142857142856,48435,3B,48,4834.64
146,45617,63990,4085.38,0.32,0.94,300.0,0.53,1.02,34.73,-101.89,Swisher,0.0,0.0,Texas,0.94,72.0,150.45,7.41,3.7857142857142856,48437,4B,48,4385.38
147,50811,71244,3899.18,0.29,0.91,282.0,0.46,0.98,32.99,-97.35,Tarrant,77.14,0.99,Texas,0.91,3.53,388.92,3.51,3.7857142857142856,48439,3B,48,4258.320000000001
148,50267,70444,4178.21,0.33,0.93,294.0,0.45,1.01,33.02,-102.53,Terry,0.0,0.0,Texas,0.93,44.13,297.61,10.72,3.7857142857142856,48445,3B,48,4472.21
149,49784,69709,4208.89,0.31,0.92,312.0,0.54,1.0,33.35,-99.3,Throckmorton,141.21,0.99,Texas,0.92,112.39,291.86,22.98,3.7857142857142856,48447,3B,48,4662.1
150,50326,70503,3837.38,0.28,0.91,276.0,0.41,0.97,33.19,-94.89,Titus,183.51,0.99,Texas,0.91,36.62,378.11,9.2,3.7857142857142856,48449,3B,48,4296.89
151,54660,78061,4237.26,0.31,0.91,312.0,0.56,0.98,31.13,-100.22,Tom Green,0.0,0.0,Texas,0.91,91.93,452.45,21.98,3.7857142857142856,48451,3B,48,4549.26
152,56155,81123,4128.89,0.29,0.88,282.0,0.43,0.95,30.4,-97.43,Travis,0.0,0.0,Texas,0.88,14.08,563.92,10.39,3.7857142857142856,48453,2B,48,4410.89
153,55082,78862,3988.34,0.26,0.87,270.0,0.38,0.95,31.0,-95.05,Trinity,336.63,0.99,Texas,0.87,73.54,544.87,20.79,3.7857142857142856,48455,4C,48,4594.97
154,54647,78048,4188.6,0.32,0.92,318.0,0.52,0.99,31.06,-101.85,Upton,0.0,0.0,Texas,0.92,23.97,452.64,18.1,3.7857142857142856,48461,3B,48,4506.6
155,57304,84523,4244.95,0.29,0.9,288.0,0.43,0.97,29.45,-99.88,Uvalde,0.0,0.0,Texas,0.9,76.95,589.35,27.52,3.7857142857142856,48463,2B,48,4532.95
156,56422,81856,4245.83,0.31,0.9,288.0,0.53,0.98,30.12,-100.78,Val Verde,393.49,0.99,Texas,0.9,122.02,530.58,52.14,3.7857142857142856,48465,2B,48,4927.32
157,51553,72394,4030.93,0.28,0.9,276.0,0.46,0.97,32.7,-96.05,Van Zandt,238.15,0.99,Texas,0.9,26.43,455.32,5.25,3.7857142857142856,48467,3B,48,4545.08
158,57701,86447,4131.38,0.28,0.87,270.0,0.39,0.95,29.01,-96.91,Victoria,299.03,0.99,Texas,0.87,16.43,679.74,17.21,3.7857142857142856,48469,2B,48,4700.41
159,56461,81895,3943.42,0.27,0.86,270.0,0.4,0.94,30.21,-95.93,Waller,206.98,0.99,Texas,0.86,33.39,627.05,12.88,3.7857142857142856,48473,2B,48,4420.4
160,2477,10800,4148.87,0.24,0.96,294.0,0.48,1.04,48.45,-101.68,Ward,108.32,0.99,North Dakota,0.96,87.88,1083.86,1341.65,3.7857142857142856,48475,7B,48,4551.19
161,58507,92510,4132.67,0.31,0.89,306.0,0.53,0.96,27.37,-98.93,Webb,547.7,0.99,Texas,0.89,157.57,761.31,12.91,3.7857142857142856,48479,2B,48,4986.37
162,57497,85311,4054.79,0.28,0.87,276.0,0.4,0.94,29.31,-96.42,Wharton,97.39,0.99,Texas,0.87,61.08,673.02,20.96,3.7857142857142856,48481,2B,48,4428.18
163,33989,49936,4239.05,0.3,0.94,300.0,0.49,1.03,38.4,-101.38,Wichita,0.0,0.0,Kansas,0.94,40.7,122.41,232.54,3.7857142857142856,48485,3B,48,4539.05
164,48479,67811,4231.68,0.3,0.93,342.0,0.5,1.0,33.85,-99.07,Wilbarger,0.0,0.0,Texas,0.93,144.3,261.97,27.46,3.7857142857142856,48487,3B,48,4573.68
165,58780,95940,4153.69,0.3,0.88,294.0,0.49,0.96,26.48,-97.71,Willacy,118.99,0.99,Texas,0.88,215.12,847.07,8.22,3.7857142857142856,48489,2B,48,4566.679999999999
166,53092,75000,4218.17,0.34,0.93,294.0,0.43,1.01,31.8,-102.93,Winkler,0.0,0.0,Texas,0.93,25.18,400.62,25.23,3.7857142857142856,48495,3B,48,4512.17
167,49500,69301,4221.24,0.34,0.94,294.0,0.47,1.02,33.3,-102.95,Yoakum,0.0,0.0,Texas,0.94,34.14,282.09,17.0,3.7857142857142856,48501,4B,48,4515.24
168,50295,70472,4184.46,0.3,0.91,300.0,0.5,0.99,33.16,-98.91,Young,0.0,0.0,Texas,0.91,104.72,317.49,28.7,3.7857142857142856,48503,3B,48,4484.46
169,58608,93647,4164.09,0.31,0.89,300.0,0.44,0.96,27.05,-99.28,Zapata,636.77,0.99,Texas,0.89,187.94,781.25,19.05,3.7857142857142856,48505,2B,48,5100.860000000001
170,57808,87186,4191.46,0.3,0.89,270.0,0.39,0.96,28.76,-99.48,Zavala,367.91,0.99,Texas,0.89,67.22,647.31,34.83,3.7857142857142856,48507,2B,48,4829.37
