hour,load
0,152.68
1,110.92
2,130.48
3,96.08
4,69.87
5,53.25
6,141.27
7,38.29
8,101.17
9,55.77
10,94.25
11,128.56
12,63.13
13,80.4
14,100.26
15,45.6
16,12.16
17,48.58
18,72.43
19,157.8
20,88.84
21,182.21
22,200.0
23,74.76
24,100.33
25,72.0
26,112.95
27,128.38
28,190.4
29,108.73
30,161.89
31,125.9
32,188.77
33,183.93
34,187.77
35,140.44
36,168.21
37,176.49
38,102.98
39,71.91
40,88.6
41,190.36
42,146.77
43,150.35
44,146.41
45,128.7
46,53.73
47,124.73
48,95.18
49,43.93
50,41.04
51,19.84
52,14.45
53,59.34
54,103.56
55,124.13
56,90.91
57,35.94
58,165.92
59,17.03
60,11.68
61,118.04
62,170.97
63,13.79
64,144.64
65,165.36
66,127.98
67,7.36
68,14.6
69,199.16
70,13.32
71,37.93
72,33.7
73,24.4
74,52.48
75,124.64
76,75.58
77,133.22
78,118.16
79,96.02
80,1.59
81,2.58
82,69.2
83,132.8
84,33.76
85,94.52
86,38.91
87,158.12
88,121.34
89,91.24
90,154.32
91,190.88
92,37.39
93,78.75
94,109.62
95,88.09
96,83.26
97,31.69
98,141.86
99,78.21
100,15.05
101,22.97
102,150.18
103,9.35
104,198.25
105,76.85
106,103.24
107,36.68
108,111.7
109,52.0
110,135.63
111,196.55
112,88.06
113,101.79
114,191.78
115,145.4
116,164.4
117,73.13
118,152.2
119,75.91
120,54.64
121,29.59
122,184.07
123,80.74
124,72.74
125,81.84
126,95.66
127,56.34
128,35.51
129,133.13
130,173.16
131,76.45
132,58.64
133,8.76
134,50.95
135,45.01
136,45.65
137,108.77
138,36.21
139,169.1
140,43.33
141,19.24
142,147.89
143,122.0
144,62.17
145,119.09
146,155.04
147,95.25
148,185.12
149,22.6
150,171.09
151,67.11
152,61.1
153,147.42
154,115.26
155,117.36
156,96.06
157,31.53
158,18.72
159,135.8
160,138.74
161,71.61
162,163.82
163,167.3
164,140.94
165,139.32
166,47.88
167,187.18
168,27.1
169,198.38
170,161.16
171,199.38
172,60.75
173,73.87
174,99.18
175,186.8
176,193.5
177,144.83
178,16.85
179,15.53
180,39.86
181,117.24
182,39.41
183,95.86
184,79.96
185,35.29
186,49.49
187,119.15
188,151.2
189,134.64
190,125.6
191,91.63
192,89.5
193,54.27
194,168.76
195,83.67
196,54.05
197,98.14
198,92.22
199,116.52
200,129.59
201,149.74
202,30.48
203,139.27
204,107.42
205,46.26
206,166.3
207,18.04
208,91.64
209,185.47
210,156.44
211,167.9
212,175.2
213,64.54
214,165.77
215,92.9
216,170.93
217,57.53
218,163.67
219,170.57
220,195.47
221,131.09
222,96.88
223,14.36
224,190.76
225,192.86
226,135.07
227,180.47
228,98.7
229,150.57
230,2.62
231,179.44
232,102.99
233,135.28
234,73.59
235,57.28
236,166.55
237,164.71
238,154.42
239,143.46
240,100.82
241,118.59
242,199.12
243,166.29
244,36.53
245,103.16
246,22.92
247,65.77
248,46.34
249,75.26
250,23.92
251,85.43
252,51.11
253,156.61
254,160.52
255,194.35
256,113.03
257,9.31
258,99.8
259,107.77
260,146.58
261,52.72
262,165.51
263,92.04
264,138.7
265,37.32
266,174.9
267,75.84
268,81.45
269,94.21
270,9.89
271,104.06
272,158.87
273,88.6
274,71.9
275,119.97
276,150.37
277,114.26
278,167.63
279,39.94
280,154.62
281,11.82
282,40.05
283,83.2
284,182.59
285,38.0
286,70.53
287,169.64
288,84.61
289,195.19
290,169.81
291,194.19
292,65.99
293,128.02
294,187.55
295,19.04
296,39.55
297,107.87
298,54.51
299,172.44
300,95.43
301,149.18
302,62.5
303,70.49
304,102.18
305,47.56
306,99.6
307,94.64
308,165.75
309,163.32
310,188.68
311,119.96
312,55.31
313,118.6
314,173.87
315,126.63
316,52.52
317,42.42
318,75.93
319,83.31
320,120.76
321,166.86
322,16.77
323,145.11
324,113.75
325,10.96
326,12.25
327,116.29
328,83.0
329,125.03
330,16.05
331,85.32
332,184.72
333,166.03
334,62.09
335,156.74
336,92.13
337,169.73
338,43.31
339,102.52
340,165.45
341,0.68
342,92.86
343,151.05
344,46.32
345,113.45
346,157.13
347,189.92
348,91.51
349,76.85
350,96.21
351,81.52
352,136.32
353,42.71
354,52.45
355,82.04
356,174.61
357,33.66
358,61.87
359,139.97
360,174.78
361,138.92
362,42.29
363,150.35
364,129.9
365,48.9
366,168.66
367,77.42
368,81.61
369,140.29
370,25.68
371,175.11
372,97.97
373,183.91
374,113.9
375,45.35
376,14.16
377,98.06
378,196.34
379,33.87
380,186.06
381,37.66
382,79.84
383,3.41
384,118.6
385,129.21
386,23.51
387,105.42
388,78.63
389,115.83
390,133.19
391,9.48
392,25.69
393,197.85
394,199.35
395,194.78
396,58.01
397,19.81
398,18.44
399,105.28
400,6.08
401,133.42
402,134.68
403,106.18
404,69.63
405,58.1
406,143.98
407,133.01
408,82.1
409,196.51
410,184.58
411,199.27
412,17.1
413,153.73
414,150.93
415,193.63
416,180.49
417,150.34
418,23.64
419,15.39
420,189.0
421,138.15
422,183.93
423,45.98
424,48.65
425,127.53
426,62.04
427,155.15
428,114.75
429,13.61
430,160.77
431,67.54
432,16.64
433,62.99
434,165.52
435,50.14
436,29.39
437,69.41
438,6.55
439,143.6
440,109.52
441,25.55
442,69.94
443,185.04
444,21.34
445,58.12
446,151.1
447,160.53
448,72.62
449,50.47
450,126.08
451,168.73
452,14.47
453,159.93
454,174.06
455,87.45
456,161.77
457,97.93
458,83.68
459,69.25
460,23.86
461,40.14
462,83.12
463,111.8
464,145.04
465,101.0
466,145.74
467,129.34
468,133.03
469,1.26
470,178.89
471,154.76
472,187.58
473,70.4
474,102.96
475,39.68
476,61.05
477,187.8
478,164.15
479,175.73
480,38.75
481,28.79
482,58.06
483,140.4
484,7.6
485,81.44
486,177.97
487,0.49
488,124.0
489,70.57
490,125.04
491,180.56
492,119.94
493,100.25
494,108.86
495,68.05
496,76.35
497,26.53
498,69.71
499,99.47
500,139.12
501,35.41
502,102.34
503,43.63
504,44.82
505,128.18
506,182.89
507,117.23
508,92.34
509,155.64
510,189.6
511,97.92
512,128.91
513,131.05
514,170.95
515,10.81
516,95.47
517,46.37
518,0.8
519,199.23
520,91.66
521,6.7
522,0.83
523,190.13
524,122.59
525,70.25
526,83.34
527,60.27
528,130.88
529,67.66
530,81.93
531,179.6
532,74.05
533,90.68
534,140.23
535,6.48
536,68.9
537,26.31
538,173.12
539,160.27
540,139.29
541,170.27
542,156.54
543,66.91
544,26.81
545,7.09
546,182.67
547,24.34
548,56.29
549,12.05
550,156.96
551,18.78
552,37.04
553,157.96
554,131.88
555,25.99
556,181.53
557,66.35
558,137.09
559,196.11
560,96.38
561,87.81
562,82.34
563,102.24
564,110.32
565,181.86
566,198.04
567,68.38
568,140.15
569,169.28
570,169.09
571,46.49
572,49.53
573,31.65
574,39.6
575,190.08
576,27.81
577,132.52
578,17.0
579,38.23
580,121.46
581,69.53
582,129.72
583,195.3
584,79.82
585,192.52
586,181.62
587,69.15
588,138.84
589,115.06
590,140.68
591,69.5
592,155.61
593,70.86
594,113.02
595,115.12
596,74.38
597,190.29
598,50.45
599,106.43
600,42.43
601,141.81
602,158.64
603,90.16
604,95.48
605,29.92
606,179.34
607,180.59
608,166.83
609,10.33
610,83.84
611,13.77
612,30.14
613,170.12
614,130.93
615,185.52
616,23.88
617,193.5
618,46.58
619,66.45
620,28.47
621,9.02
622,35.48
623,94.65
624,158.65
625,175.33
626,4.86
627,117.39
628,22.29
629,199.2
630,35.38
631,74.45
632,106.4
633,193.46
634,47.15
635,74.79
636,197.44
637,139.35
638,48.57
639,109.44
640,70.51
641,45.24
642,14.23
643,111.84
644,158.11
645,120.31
646,67.38
647,139.49
648,31.69
649,166.18
650,155.37
651,51.98
652,132.63
653,11.13
654,27.27
655,184.41
656,119.27
657,161.09
658,27.26
659,109.43
660,9.92
661,2.34
662,45.09
663,146.13
664,77.6
665,152.58
666,121.95
667,7.47
668,93.83
669,43.51
670,147.33
671,19.75
672,88.32
673,12.12
674,46.67
675,77.36
676,178.7
677,55.8
678,199.32
679,1.06
680,54.97
681,147.69
682,52.03
683,39.07
684,16.82
685,80.29
686,190.21
687,173.92
688,138.29
689,108.95
690,178.93
691,58.72
692,4.58
693,193.61
694,94.65
695,167.89
696,124.63
697,38.53
698,62.98
699,55.18
700,124.52
701,114.09
702,178.97
703,67.64
704,52.15
705,57.65
706,156.05
707,143.99
708,94.41
709,174.29
710,184.12
711,26.61
712,138.43
713,13.2
714,140.7
715,107.55
716,48.19
717,180.4
718,185.83
719,12.08
720,44.19
721,78.38
722,101.19
723,82.36
724,153.59
725,190.17
726,147.35
727,115.25
728,132.54
729,100.28
730,129.42
731,144.47
732,12.87
733,178.0
734,0.34
735,6.53
736,25.17
737,33.1
738,169.06
739,128.73
740,179.86
741,116.02
742,38.53
743,9.46
744,183.42
745,181.57
746,149.78
747,161.14
748,52.43
749,71.7
750,80.24
751,8.0
752,95.3
753,32.65
754,83.4
755,8.26
756,193.33
757,46.49
758,58.41
759,53.55
760,191.86
761,191.8
762,96.98
763,88.85
764,161.2
765,28.01
766,9.8
767,63.43
768,45.2
769,192.31
770,154.27
771,135.01
772,161.62
773,37.64
774,150.07
775,105.85
776,199.49
777,151.53
778,5.63
779,183.26
780,16.06
781,166.3
782,165.88
783,5.52
784,104.02
785,188.03
786,93.55
787,58.64
788,115.13
789,58.88
790,71.15
791,43.32
792,31.41
793,165.35
794,69.95
795,4.62
796,57.85
797,184.84
798,90.33
799,175.71
800,21.14
801,162.95
802,69.41
803,65.86
804,36.84
805,147.8
806,17.34
807,70.84
808,168.96
809,141.59
810,28.14
811,133.68
812,31.96
813,137.99
814,109.25
815,111.1
816,92.49
817,35.19
818,48.09
819,137.48
820,109.0
821,84.87
822,31.85
823,63.92
824,195.66
825,88.5
826,144.44
827,74.79
828,179.85
829,195.05
830,145.21
831,58.24
832,160.29
833,5.97
834,127.29
835,47.59
836,149.86
837,185.6
838,138.76
839,148.48
840,190.14
841,150.57
842,21.86
843,140.34
844,88.55
845,6.39
846,107.88
847,120.72
848,37.93
849,102.1
850,168.94
851,74.17
852,134.36
853,166.29
854,180.85
855,116.27
856,24.06
857,179.37
858,123.36
859,182.52
860,41.54
861,94.61
862,20.81
863,127.74
864,47.2
865,11.97
866,8.66
867,5.77
868,72.47
869,59.89
870,6.24
871,30.11
872,176.07
873,187.95
874,90.31
875,182.65
876,136.45
877,56.23
878,165.28
879,99.83
880,136.95
881,191.28
882,198.17
883,166.31
884,170.89
885,189.3
886,129.25
887,187.15
888,66.03
889,164.18
890,3.52
891,2.17
892,136.74
893,62.3
894,7.53
895,104.6
896,17.6
897,101.3
898,117.36
899,185.02
900,97.37
901,159.73
902,55.14
903,172.79
904,148.59
905,84.74
906,180.38
907,90.07
908,104.3
909,24.65
910,26.29
911,119.09
912,70.54
913,124.66
914,73.48
915,188.1
916,174.16
917,155.35
918,39.61
919,62.82
920,104.27
921,5.16
922,113.12
923,196.27
924,148.69
925,110.98
926,196.84
927,146.22
928,67.75
929,1.32
930,165.28
931,24.79
932,198.95
933,104.52
934,163.51
935,17.0
936,178.42
937,90.4
938,39.45
939,89.72
940,31.27
941,57.68
942,86.41
943,98.0
944,185.52
945,135.44
946,123.74
947,118.1
948,194.25
949,46.09
950,141.79
951,28.83
952,77.4
953,150.33
954,65.68
955,136.4
956,43.14
957,63.23
958,108.12
959,48.53
960,60.75
961,108.58
962,22.84
963,126.85
964,28.93
965,44.71
966,68.4
967,76.28
968,177.15
969,146.12
970,113.85
971,96.56
972,145.57
973,7.23
974,183.96
975,112.5
976,108.1
977,3.41
978,99.94
979,113.1
980,0.7
981,94.7
982,25.18
983,18.41
984,67.5
985,183.26
986,94.62
987,177.25
988,53.19
989,81.87
990,153.95
991,41.56
992,135.34
993,37.73
994,182.95
995,103.69
996,139.23
997,19.34
998,73.26
999,94.2
1000,137.76
1001,125.13
1002,51.57
1003,197.07
1004,120.79
1005,171.93
1006,113.81
1007,121.56
1008,61.68
1009,41.4
1010,134.99
1011,92.17
1012,110.14
1013,30.59
1014,143.8
1015,177.66
1016,23.48
1017,30.06
1018,81.64
1019,103.95
1020,87.36
1021,66.88
1022,24.95
1023,162.45
1024,33.94
1025,193.79
1026,29.41
1027,3.46
1028,135.84
1029,48.09
1030,1.74
1031,194.11
1032,107.61
1033,82.51
1034,28.85
1035,145.03
1036,195.15
1037,111.32
1038,6.87
1039,56.41
1040,67.72
1041,67.61
1042,14.28
1043,49.46
1044,179.69
1045,25.01
1046,107.84
1047,132.99
1048,140.53
1049,139.16
1050,14.51
1051,4.72
1052,77.18
1053,4.96
1054,180.5
1055,155.65
1056,121.7
1057,83.66
1058,65.89
1059,24.7
1060,68.11
1061,106.72
1062,188.9
1063,53.37
1064,134.91
1065,178.58
1066,80.03
1067,84.14
1068,44.94
1069,37.62
1070,45.87
1071,87.56
1072,123.58
1073,17.73
1074,189.02
1075,57.19
1076,184.33
1077,194.03
1078,77.56
1079,176.58
1080,121.84
1081,8.74
1082,33.04
1083,58.83
1084,171.27
1085,59.17
1086,189.11
1087,72.31
1088,180.89
1089,31.53
1090,81.28
1091,28.55
1092,48.7
1093,13.15
1094,39.08
1095,20.1
1096,11.63
1097,119.77
1098,156.23
1099,26.04
1100,17.61
1101,51.53
1102,140.87
1103,141.52
1104,133.58
1105,61.77
1106,18.92
1107,87.23
1108,101.68
1109,131.91
1110,86.2
1111,32.03
1112,137.62
1113,146.26
1114,89.09
1115,165.63
1116,1.9
1117,157.09
1118,161.71
1119,63.69
1120,171.71
1121,62.45
1122,136.24
1123,22.28
1124,127.3
1125,156.01
1126,48.65
1127,111.57
1128,30.46
1129,127.39
1130,78.02
1131,82.65
1132,136.79
1133,45.06
1134,17.58
1135,111.33
1136,36.61
1137,147.25
1138,177.69
1139,132.87
1140,13.98
1141,137.87
1142,62.13
1143,77.06
1144,175.48
1145,155.76
1146,88.55
1147,32.82
1148,78.51
1149,187.59
1150,130.12
1151,177.91
1152,154.19
1153,67.07
1154,137.62
1155,74.13
1156,4.07
1157,156.23
1158,126.47
1159,78.28
1160,79.76
1161,2.93
1162,134.75
1163,188.23
1164,50.97
1165,192.53
1166,109.59
1167,153.27
1168,127.18
1169,38.05
1170,99.32
1171,123.88
1172,171.93
1173,31.65
1174,148.22
1175,178.73
1176,43.92
1177,136.23
1178,138.57
1179,2.47
1180,113.01
1181,168.11
1182,73.29
1183,72.81
1184,79.16
1185,97.43
1186,112.72
1187,142.27
1188,44.64
1189,36.27
1190,30.33
1191,125.17
1192,186.8
1193,102.58
1194,90.99
1195,52.12
1196,75.71
1197,189.19
1198,172.19
1199,35.98
1200,29.9
1201,41.43
1202,30.63
1203,75.51
1204,82.26
1205,33.77
1206,64.94
1207,127.2
1208,33.4
1209,72.24
1210,98.93
1211,141.58
1212,175.41
1213,45.82
1214,37.6
1215,128.6
1216,47.51
1217,177.78
1218,92.05
1219,123.13
1220,143.45
1221,52.5
1222,118.77
1223,163.48
1224,185.73
1225,173.24
1226,186.94
1227,114.87
1228,77.69
1229,47.01
1230,49.01
1231,23.01
1232,134.14
1233,188.94
1234,82.12
1235,167.63
1236,169.83
1237,112.51
1238,189.88
1239,126.47
1240,149.13
1241,101.99
1242,99.97
1243,70.3
1244,42.24
1245,110.38
1246,163.86
1247,95.99
1248,46.47
1249,152.46
1250,102.22
1251,152.9
1252,137.09
1253,55.53
1254,192.1
1255,96.49
1256,161.68
1257,41.74
1258,11.12
1259,47.49
1260,20.24
1261,40.49
1262,153.61
1263,141.31
1264,180.52
1265,76.14
1266,97.13
1267,185.45
1268,47.44
1269,25.4
1270,199.48
1271,112.22
1272,108.55
1273,174.24
1274,196.86
1275,188.46
1276,187.14
1277,48.04
1278,134.41
1279,139.49
1280,75.18
1281,61.72
1282,78.3
1283,48.38
1284,15.74
1285,169.62
1286,105.73
1287,95.26
1288,134.76
1289,43.59
1290,103.17
1291,50.4
1292,7.18
1293,195.8
1294,100.62
1295,165.36
1296,185.54
1297,100.19
1298,97.06
1299,150.51
1300,32.18
1301,0.03
1302,0.61
1303,113.68
1304,77.52
1305,64.86
1306,31.36
1307,194.2
1308,184.87
1309,196.16
1310,62.12
1311,189.99
1312,187.19
1313,114.32
1314,40.81
1315,137.81
1316,77.4
1317,66.03
1318,0.73
1319,179.61
1320,174.58
1321,192.52
1322,163.41
1323,43.64
1324,124.13
1325,145.08
1326,101.55
1327,154.8
1328,131.58
1329,183.56
1330,49.82
1331,47.41
1332,44.55
1333,48.48
1334,43.69
1335,86.57
1336,51.9
1337,92.75
1338,120.76
1339,181.48
1340,6.75
1341,172.56
1342,49.77
1343,135.3
1344,68.78
1345,7.6
1346,84.09
1347,158.42
1348,152.68
1349,2.25
1350,51.45
1351,79.01
1352,5.74
1353,195.1
1354,102.92
1355,20.72
1356,112.25
1357,107.43
1358,137.04
1359,106.35
1360,11.31
1361,81.87
1362,180.67
1363,185.87
1364,95.59
1365,84.35
1366,74.58
1367,169.44
1368,8.94
1369,11.42
1370,77.08
1371,98.26
1372,60.36
1373,60.43
1374,87.84
1375,27.67
1376,68.6
1377,68.22
1378,139.35
1379,107.8
1380,38.88
1381,126.67
1382,13.63
1383,157.69
1384,183.17
1385,4.64
1386,118.91
1387,47.68
1388,67.24
1389,12.1
1390,81.85
1391,189.88
1392,133.95
1393,94.97
1394,104.87
1395,22.75
1396,112.71
1397,48.25
1398,16.73
1399,149.91
1400,114.83
1401,177.58
1402,36.64
1403,114.08
1404,162.09
1405,180.33
1406,67.42
1407,75.59
1408,52.33
1409,171.47
1410,156.79
1411,73.18
1412,52.05
1413,156.33
1414,10.8
1415,169.04
1416,15.8
1417,177.62
1418,35.09
1419,171.76
1420,119.96
1421,90.27
1422,197.81
1423,57.22
1424,196.15
1425,75.18
1426,178.31
1427,186.25
1428,182.65
1429,90.02
1430,34.45
1431,123.85
1432,127.34
1433,140.56
1434,120.01
1435,149.58
1436,25.64
1437,52.6
1438,36.57
1439,107.75
1440,116.62
1441,117.84
1442,133.59
1443,39.55
1444,57.44
1445,45.6
1446,155.89
1447,164.26
1448,111.99
1449,142.4
1450,178.71
1451,99.54
1452,64.87
1453,39.01
1454,42.0
1455,55.46
1456,63.34
1457,186.92
1458,25.26
1459,110.56
1460,98.8
1461,11.92
1462,111.88
1463,78.17
1464,64.17
1465,54.01
1466,11.83
1467,52.29
1468,104.01
1469,85.43
1470,91.55
1471,167.03
1472,171.14
1473,147.87
1474,33.85
1475,150.38
1476,145.17
1477,182.99
1478,155.05
1479,57.29
1480,165.76
1481,93.56
1482,24.76
1483,185.16
1484,72.39
1485,184.74
1486,183.47
1487,70.58
1488,193.45
1489,135.36
1490,131.65
1491,164.15
1492,66.27
1493,169.7
1494,59.47
1495,18.24
1496,17.63
1497,132.25
1498,143.36
1499,190.97
1500,196.01
1501,37.84
1502,168.6
1503,73.62
1504,43.74
1505,116.03
1506,10.35
1507,119.45
1508,142.72
1509,23.03
1510,66.93
1511,48.9
1512,16.22
1513,53.38
1514,125.87
1515,171.11
1516,13.81
1517,14.65
1518,105.88
1519,134.17
1520,118.86
1521,188.03
1522,44.06
1523,135.19
1524,157.08
1525,82.08
1526,55.61
1527,106.31
1528,189.03
1529,20.51
1530,175.67
1531,173.18
1532,53.81
1533,72.06
1534,124.67
1535,68.52
1536,131.71
1537,33.92
1538,111.58
1539,164.27
1540,5.36
1541,136.79
1542,165.56
1543,195.51
1544,120.67
1545,182.2
1546,23.95
1547,28.47
1548,136.71
1549,194.28
1550,53.44
1551,91.66
1552,190.65
1553,121.92
1554,72.92
1555,5.6
1556,192.21
1557,87.89
1558,163.37
1559,154.23
1560,6.91
1561,170.44
1562,11.48
1563,54.76
1564,34.81
1565,101.25
1566,20.51
1567,183.19
1568,15.34
1569,54.62
1570,42.86
1571,15.14
1572,48.16
1573,195.07
1574,40.44
1575,153.99
1576,142.81
1577,69.05
1578,182.65
1579,85.5
1580,48.41
1581,14.64
1582,99.01
1583,136.64
1584,142.47
1585,143.12
1586,32.68
1587,91.26
1588,143.37
1589,98.89
1590,156.7
1591,131.47
1592,172.67
1593,68.82
1594,122.73
1595,189.51
1596,112.51
1597,134.4
1598,46.8
1599,145.51
1600,14.67
1601,161.99
1602,94.9
1603,73.34
1604,180.28
1605,98.53
1606,4.89
1607,58.64
1608,3.69
1609,13.22
1610,132.72
1611,141.9
1612,144.91
1613,45.0
1614,5.01
1615,194.39
1616,83.23
1617,73.41
1618,107.1
1619,68.97
1620,83.62
1621,71.09
1622,70.91
1623,163.53
1624,168.83
1625,95.6
1626,181.0
1627,6.45
1628,95.59
1629,178.47
1630,78.43
1631,79.73
1632,167.79
1633,10.3
1634,56.36
1635,99.43
1636,90.39
1637,176.94
1638,141.9
1639,74.87
1640,144.47
1641,156.86
1642,128.62
1643,89.29
1644,148.46
1645,24.92
1646,68.27
1647,196.64
1648,43.86
1649,146.21
1650,79.9
1651,132.72
1652,113.12
1653,3.67
1654,116.33
1655,72.11
1656,111.98
1657,45.44
1658,142.6
1659,159.23
1660,60.51
1661,110.92
1662,66.63
1663,142.47
1664,133.44
1665,39.21
1666,189.57
1667,193.77
1668,169.4
1669,132.79
1670,104.43
1671,179.31
1672,178.76
1673,169.23
1674,123.73
1675,30.62
1676,155.39
1677,154.86
1678,137.12
1679,150.63
1680,35.28
1681,173.01
1682,166.4
1683,86.08
1684,80.27
1685,186.61
1686,20.16
1687,121.42
1688,1.2
1689,129.06
1690,73.54
1691,41.29
1692,179.49
1693,198.22
1694,139.61
1695,99.49
1696,34.14
1697,46.34
1698,113.41
1699,186.79
1700,7.52
1701,120.13
1702,172.24
1703,58.06
1704,152.09
1705,61.32
1706,182.22
1707,82.5
1708,79.62
1709,147.02
1710,187.33
1711,162.53
1712,19.76
1713,107.74
1714,185.66
1715,8.88
1716,152.32
1717,82.97
1718,95.61
1719,188.14
1720,153.75
1721,10.74
1722,125.69
1723,117.06
1724,6.74
1725,119.66
1726,2.17
1727,139.26
1728,167.69
1729,14.85
1730,141.85
1731,109.12
1732,158.53
1733,63.72
1734,7.71
1735,71.61
1736,32.44
1737,65.61
1738,123.51
1739,46.85
1740,107.73
1741,29.57
1742,40.0
1743,25.82
1744,70.8
1745,40.5
1746,23.71
1747,92.9
1748,139.46
1749,15.73
1750,97.75
1751,136.97
1752,36.53
1753,160.87
1754,9.29
1755,63.52
1756,125.81
1757,158.8
1758,34.8
1759,80.54
1760,193.43
1761,124.52
1762,124.02
1763,62.4
1764,190.26
1765,131.08
1766,122.68
1767,41.63
1768,59.17
1769,98.25
1770,25.32
1771,154.85
1772,77.04
1773,151.07
1774,140.38
1775,26.79
1776,107.36
1777,54.07
1778,59.1
1779,80.39
1780,0.78
1781,188.63
1782,43.16
1783,169.65
1784,163.37
1785,95.88
1786,136.66
1787,153.16
1788,115.77
1789,167.59
1790,4.06
1791,169.53
1792,173.2
1793,112.44
1794,164.56
1795,48.9
1796,141.09
1797,194.42
1798,146.14
1799,22.45
1800,112.69
1801,9.29
1802,130.74
1803,142.87
1804,110.27
1805,64.7
1806,199.78
1807,143.63
1808,87.21
1809,142.2
1810,119.49
1811,124.02
1812,35.64
1813,65.87
1814,93.21
1815,55.62
1816,166.73
1817,198.05
1818,192.73
1819,160.81
1820,44.05
1821,181.7
1822,193.91
1823,50.58
1824,92.58
1825,160.93
1826,127.96
1827,185.2
1828,128.99
1829,51.98
1830,63.07
1831,93.35
1832,1.59
1833,26.93
1834,117.73
1835,5.59
1836,120.03
1837,67.01
1838,19.05
1839,191.18
1840,123.46
1841,151.82
1842,163.5
1843,39.07
1844,111.61
1845,135.53
1846,109.68
1847,148.01
1848,59.22
1849,136.78
1850,64.42
1851,82.53
1852,186.66
1853,139.62
1854,115.88
1855,90.82
1856,39.1
1857,91.55
1858,186.89
1859,62.49
1860,195.34
1861,188.31
1862,20.36
1863,147.94
1864,57.24
1865,43.76
1866,75.23
1867,174.17
1868,61.28
1869,77.93
1870,110.25
1871,166.16
1872,71.21
1873,28.04
1874,134.55
1875,137.84
1876,131.14
1877,64.71
1878,108.09
1879,184.17
1880,128.46
1881,163.28
1882,82.78
1883,66.25
1884,44.43
1885,187.93
1886,137.79
1887,154.66
1888,182.43
1889,179.18
1890,87.17
1891,171.14
1892,115.93
1893,143.74
1894,92.95
1895,115.57
1896,40.74
1897,105.62
1898,195.63
1899,29.82
1900,193.13
1901,34.87
1902,145.48
1903,34.51
1904,16.89
1905,9.25
1906,96.21
1907,127.32
1908,30.3
1909,118.75
1910,70.48
1911,168.09
1912,152.99
1913,12.04
1914,69.36
1915,130.87
1916,10.31
1917,62.76
1918,66.65
1919,160.63
1920,142.02
1921,21.18
1922,70.89
1923,64.6
1924,119.18
1925,129.5
1926,154.79
1927,45.73
1928,197.18
1929,101.03
1930,94.15
1931,163.44
1932,141.11
1933,156.19
1934,193.61
1935,79.96
1936,25.94
1937,185.23
1938,130.62
1939,11.8
1940,5.27
1941,100.15
1942,177.99
1943,96.33
1944,9.97
1945,21.6
1946,74.5
1947,82.71
1948,97.88
1949,49.58
1950,192.36
1951,169.89
1952,165.67
1953,177.39
1954,46.7
1955,61.26
1956,16.69
1957,16.26
1958,21.77
1959,87.24
1960,94.3
1961,36.4
1962,66.23
1963,126.64
1964,40.31
1965,9.11
1966,49.95
1967,30.43
1968,124.74
1969,189.06
1970,94.49
1971,182.81
1972,74.55
1973,169.42
1974,106.66
1975,11.38
1976,198.78
1977,145.46
1978,198.03
1979,105.47
1980,45.72
1981,65.44
1982,193.82
1983,98.82
1984,75.2
1985,10.71
1986,183.45
1987,133.19
1988,150.05
1989,193.2
1990,141.52
1991,171.45
1992,92.2
1993,28.72
1994,181.39
1995,182.18
1996,11.43
1997,150.85
1998,187.48
1999,99.23
2000,108.06
2001,139.75
2002,74.97
2003,16.93
2004,65.34
2005,149.44
2006,101.28
2007,63.77
2008,192.09
2009,12.12
2010,28.66
2011,43.25
2012,129.42
2013,49.47
2014,83.33
2015,93.75
2016,51.53
2017,20.44
2018,193.58
2019,114.46
2020,7.97
2021,118.81
2022,72.19
2023,131.12
2024,108.73
2025,73.49
2026,89.98
2027,110.18
2028,22.73
2029,36.14
2030,83.54
2031,169.45
2032,0.58
2033,123.71
2034,128.41
2035,92.52
2036,105.31
2037,44.91
2038,45.21
2039,160.6
2040,36.52
2041,40.42
2042,60.87
2043,34.86
2044,59.55
2045,27.65
2046,40.16
2047,169.89
2048,79.19
2049,193.22
2050,190.92
2051,90.12
2052,69.45
2053,164.14
2054,32.72
2055,177.26
2056,42.73
2057,128.78
2058,2.37
2059,95.25
2060,188.54
2061,143.58
2062,72.13
2063,47.7
2064,75.4
2065,62.27
2066,188.32
2067,62.05
2068,64.37
2069,92.42
2070,6.72
2071,1.6
2072,130.66
2073,117.53
2074,2.69
2075,95.24
2076,69.86
2077,89.85
2078,114.52
2079,174.22
2080,128.64
2081,92.7
2082,111.85
2083,130.93
2084,85.16
2085,56.44
2086,120.73
2087,58.31
2088,76.09
2089,69.4
2090,52.86
2091,193.79
2092,3.71
2093,185.38
2094,193.19
2095,1.65
2096,164.16
2097,73.03
2098,105.61
2099,107.28
2100,114.9
2101,10.51
2102,16.31
2103,159.69
2104,5.39
2105,75.11
2106,138.86
2107,11.19
2108,84.51
2109,96.02
2110,18.2
2111,96.92
2112,162.75
2113,42.68
2114,42.57
2115,17.18
2116,35.85
2117,7.48
2118,175.3
2119,36.02
2120,20.47
2121,153.63
2122,37.84
2123,102.98
2124,130.38
2125,124.93
2126,109.28
2127,59.54
2128,80.74
2129,159.75
2130,118.03
2131,175.98
2132,40.94
2133,196.82
2134,163.71
2135,69.43
2136,112.88
2137,20.74
2138,182.0
2139,23.35
2140,21.98
2141,152.01
2142,174.03
2143,158.75
2144,92.04
2145,35.7
2146,133.11
2147,33.57
2148,180.73
2149,73.91
2150,44.26
2151,51.88
2152,42.13
2153,151.64
2154,190.9
2155,63.83
2156,165.8
2157,157.23
2158,57.08
2159,52.76
2160,114.13
2161,93.16
2162,9.78
2163,143.9
2164,99.12
2165,95.03
2166,35.68
2167,120.13
2168,159.55
2169,128.48
2170,143.91
2171,112.52
2172,149.77
2173,136.88
2174,61.93
2175,74.86
2176,32.78
2177,62.32
2178,71.48
2179,156.56
2180,73.59
2181,163.64
2182,34.19
2183,159.58
2184,173.4
2185,156.2
2186,179.75
2187,13.05
2188,40.87
2189,78.04
2190,199.86
2191,151.36
2192,155.84
2193,197.91
2194,43.44
2195,2.28
2196,5.55
2197,75.94
2198,40.18
2199,85.82
2200,65.14
2201,60.89
2202,117.16
2203,137.62
2204,31.26
2205,60.29
2206,21.37
2207,11.8
2208,127.61
2209,150.26
2210,127.8
2211,124.22
2212,39.81
2213,129.92
2214,107.13
2215,117.23
2216,195.38
2217,63.52
2218,8.23
2219,171.96
2220,21.68
2221,135.89
2222,48.48
2223,68.97
2224,34.01
2225,105.05
2226,134.11
2227,19.65
2228,181.17
2229,137.81
2230,5.49
2231,184.26
2232,182.07
2233,176.23
2234,191.08
2235,52.37
2236,84.04
2237,138.78
2238,43.07
2239,181.85
2240,191.32
2241,162.43
2242,81.28
2243,191.23
2244,124.53
2245,98.11
2246,23.41
2247,124.9
2248,92.16
2249,90.45
2250,100.35
2251,61.22
2252,89.99
2253,159.91
2254,107.2
2255,125.82
2256,145.41
2257,78.69
2258,37.38
2259,0.01
2260,156.11
2261,62.0
2262,189.98
2263,100.17
2264,123.23
2265,67.93
2266,169.54
2267,19.28
2268,69.53
2269,64.53
2270,63.66
2271,10.26
2272,65.59
2273,161.44
2274,163.45
2275,131.46
2276,188.66
2277,15.24
2278,68.55
2279,18.63
2280,28.95
2281,4.6
2282,143.1
2283,33.15
2284,72.19
2285,48.02
2286,151.57
2287,19.32
2288,2.14
2289,88.83
2290,0.9
2291,177.37
2292,95.22
2293,193.59
2294,105.69
2295,173.09
2296,41.13
2297,70.39
2298,3.7
2299,23.07
2300,9.26
2301,44.52
2302,90.68
2303,192.51
2304,10.32
2305,11.66
2306,173.98
2307,81.25
2308,177.33
2309,10.26
2310,136.35
2311,97.57
2312,137.69
2313,128.08
2314,168.4
2315,23.66
2316,83.71
2317,76.33
2318,112.7
2319,199.03
2320,22.53
2321,159.96
2322,42.43
2323,135.56
2324,113.19
2325,135.99
2326,85.14
2327,171.73
2328,98.83
2329,131.39
2330,186.68
2331,95.41
2332,109.98
2333,9.26
2334,75.2
2335,139.24
2336,70.03
2337,16.4
2338,144.27
2339,177.79
2340,25.39
2341,87.73
2342,77.37
2343,167.45
2344,90.92
2345,60.27
2346,188.09
2347,154.02
2348,132.4
2349,129.75
2350,91.71
2351,174.39
2352,120.74
2353,185.27
2354,187.27
2355,89.45
2356,69.81
2357,12.57
2358,185.22
2359,198.28
2360,151.34
2361,37.19
2362,91.29
2363,85.09
2364,9.67
2365,132.24
2366,133.85
2367,99.22
2368,83.98
2369,173.07
2370,73.05
2371,46.71
2372,44.32
2373,75.24
2374,1.35
2375,99.77
2376,175.15
2377,111.56
2378,170.09
2379,72.76
2380,99.83
2381,136.19
2382,168.81
2383,99.89
2384,69.38
2385,75.85
2386,165.36
2387,35.92
2388,7.71
2389,159.08
2390,19.21
2391,194.76
2392,1.2
2393,52.36
2394,60.55
2395,86.45
2396,79.18
2397,57.72
2398,33.8
2399,45.87
2400,62.09
2401,168.53
2402,180.23
2403,176.77
2404,92.19
2405,9.91
2406,140.13
2407,172.84
2408,82.71
2409,141.34
2410,110.49
2411,0.59
2412,164.58
2413,128.39
2414,105.05
2415,122.71
2416,86.6
2417,116.13
2418,60.63
2419,146.54
2420,16.4
2421,48.42
2422,37.28
2423,81.55
2424,81.67
2425,105.45
2426,140.23
2427,58.2
2428,191.02
2429,87.84
2430,121.62
2431,59.34
2432,10.44
2433,94.11
2434,142.58
2435,27.97
2436,56.21
2437,82.37
2438,103.9
2439,151.44
2440,41.77
2441,20.78
2442,181.06
2443,197.3
2444,101.71
2445,51.1
2446,69.72
2447,112.37
2448,46.48
2449,60.22
2450,28.33
2451,147.46
2452,95.43
2453,87.56
2454,96.58
2455,176.51
2456,130.25
2457,177.28
2458,12.51
2459,82.25
2460,85.08
2461,20.81
2462,194.86
2463,163.5
2464,93.9
2465,190.67
2466,169.78
2467,156.91
2468,159.05
2469,140.03
2470,126.45
2471,163.64
2472,5.16
2473,140.93
2474,193.34
2475,21.17
2476,166.1
2477,42.75
2478,191.76
2479,124.08
2480,130.96
2481,196.23
2482,135.51
2483,0.24
2484,155.39
2485,2.17
2486,196.8
2487,98.47
2488,18.43
2489,73.56
2490,118.44
2491,79.41
2492,134.81
2493,197.87
2494,70.53
2495,117.17
2496,111.11
2497,128.75
2498,135.52
2499,143.09
2500,51.55
2501,100.96
2502,78.84
2503,142.89
2504,102.54
2505,105.96
2506,136.26
2507,91.48
2508,169.55
2509,67.68
2510,4.36
2511,53.53
2512,77.91
2513,28.2
2514,180.88
2515,168.33
2516,152.28
2517,161.26
2518,4.79
2519,42.59
2520,194.58
2521,198.16
2522,88.12
2523,28.61
2524,192.27
2525,115.63
2526,82.1
2527,149.67
2528,36.6
2529,195.86
2530,19.25
2531,53.12
2532,168.12
2533,105.4
2534,136.85
2535,172.69
2536,28.12
2537,100.87
2538,60.82
2539,189.4
2540,163.34
2541,81.07
2542,95.23
2543,40.33
2544,193.89
2545,193.46
2546,178.89
2547,37.19
2548,150.68
2549,188.19
2550,165.37
2551,160.48
2552,78.92
2553,54.56
2554,47.47
2555,72.68
2556,50.78
2557,144.67
2558,181.93
2559,120.2
2560,116.68
2561,5.36
2562,114.23
2563,110.18
2564,26.54
2565,95.48
2566,162.28
2567,45.22
2568,88.18
2569,30.21
2570,71.48
2571,110.55
2572,87.2
2573,189.23
2574,44.5
2575,113.29
2576,36.49
2577,165.12
2578,52.66
2579,174.83
2580,100.26
2581,135.63
2582,25.59
2583,160.47
2584,111.12
2585,95.96
2586,29.73
2587,94.2
2588,18.08
2589,104.52
2590,60.45
2591,32.39
2592,68.17
2593,114.35
2594,22.64
2595,178.23
2596,98.15
2597,5.65
2598,176.64
2599,56.37
2600,9.51
2601,152.93
2602,184.94
2603,99.03
2604,119.63
2605,92.37
2606,53.07
2607,99.41
2608,132.71
2609,150.16
2610,5.75
2611,43.41
2612,181.99
2613,140.9
2614,104.52
2615,111.62
2616,150.81
2617,6.05
2618,38.41
2619,69.99
2620,164.07
2621,0.14
2622,145.59
2623,54.29
2624,91.52
2625,18.99
2626,5.77
2627,89.95
2628,194.41
2629,106.49
2630,169.99
2631,169.34
2632,112.86
2633,152.74
2634,65.88
2635,181.97
2636,108.7
2637,123.63
2638,60.2
2639,151.7
2640,81.48
2641,69.33
2642,96.65
2643,77.66
2644,127.26
2645,184.05
2646,49.73
2647,48.54
2648,32.7
2649,41.0
2650,76.53
2651,136.96
2652,6.54
2653,17.01
2654,160.81
2655,144.0
2656,23.5
2657,44.7
2658,146.51
2659,31.32
2660,41.96
2661,175.65
2662,147.54
2663,87.1
2664,145.05
2665,122.96
2666,157.6
2667,80.85
2668,185.45
2669,140.8
2670,187.75
2671,182.59
2672,119.95
2673,14.43
2674,65.12
2675,108.66
2676,106.63
2677,26.65
2678,144.16
2679,72.84
2680,26.19
2681,144.6
2682,154.84
2683,14.39
2684,150.93
2685,119.03
2686,125.91
2687,123.61
2688,7.64
2689,188.88
2690,16.52
2691,134.43
2692,57.33
2693,35.14
2694,128.63
2695,46.49
2696,186.94
2697,68.22
2698,125.43
2699,169.64
2700,39.32
2701,81.11
2702,155.03
2703,137.27
2704,51.4
2705,24.83
2706,83.83
2707,176.75
2708,167.58
2709,102.17
2710,33.67
2711,18.89
2712,115.43
2713,86.52
2714,153.93
2715,122.78
2716,29.81
2717,133.64
2718,139.98
2719,165.86
2720,64.84
2721,69.56
2722,161.53
2723,15.24
2724,107.9
2725,4.31
2726,166.35
2727,125.06
2728,34.43
2729,179.65
2730,113.5
2731,158.82
2732,15.52
2733,146.69
2734,91.14
2735,70.22
2736,119.41
2737,140.86
2738,89.85
2739,49.4
2740,46.0
2741,18.74
2742,110.52
2743,197.55
2744,32.63
2745,187.56
2746,14.07
2747,37.78
2748,45.45
2749,72.92
2750,151.94
2751,162.6
2752,169.92
2753,8.76
2754,141.08
2755,121.39
2756,117.06
2757,92.18
2758,183.04
2759,95.71
2760,44.98
2761,32.68
2762,45.54
2763,190.1
2764,85.68
2765,183.27
2766,77.54
2767,185.01
2768,131.79
2769,158.65
2770,152.51
2771,31.8
2772,59.94
2773,70.29
2774,34.26
2775,106.1
2776,125.2
2777,119.87
2778,190.4
2779,19.8
2780,164.83
2781,20.13
2782,30.17
2783,135.09
2784,87.17
2785,81.91
2786,45.52
2787,157.51
2788,112.5
2789,60.33
2790,107.46
2791,144.74
2792,102.62
2793,112.85
2794,140.71
2795,66.88
2796,147.76
2797,50.2
2798,94.38
2799,165.41
2800,110.79
2801,17.91
2802,156.42
2803,170.6
2804,106.39
2805,80.72
2806,98.74
2807,17.95
2808,153.85
2809,103.41
2810,111.07
2811,36.86
2812,67.53
2813,24.45
2814,141.35
2815,1.98
2816,128.47
2817,44.75
2818,39.88
2819,28.73
2820,114.6
2821,67.35
2822,125.56
2823,159.71
2824,43.45
2825,105.65
2826,115.55
2827,37.19
2828,30.98
2829,12.55
2830,107.05
2831,67.6
2832,84.0
2833,160.29
2834,67.61
2835,100.37
2836,137.48
2837,39.72
2838,198.05
2839,84.52
2840,76.65
2841,187.36
2842,146.53
2843,13.52
2844,107.7
2845,49.13
2846,74.49
2847,87.44
2848,120.01
2849,116.08
2850,163.64
2851,123.56
2852,143.31
2853,36.49
2854,80.15
2855,160.19
2856,31.53
2857,56.96
2858,18.96
2859,56.5
2860,29.67
2861,11.29
2862,29.13
2863,34.83
2864,15.76
2865,141.92
2866,89.65
2867,39.41
2868,37.97
2869,109.82
2870,96.26
2871,15.23
2872,81.37
2873,43.35
2874,146.81
2875,192.36
2876,179.39
2877,79.48
2878,112.29
2879,130.64
2880,166.06
2881,128.99
2882,16.16
2883,104.8
2884,196.48
2885,55.8
2886,176.66
2887,110.98
2888,117.45
2889,156.61
2890,182.97
2891,42.05
2892,193.74
2893,0.6
2894,12.68
2895,161.85
2896,42.58
2897,60.65
2898,188.24
2899,182.29
2900,179.15
2901,186.64
2902,23.71
2903,8.82
2904,6.75
2905,143.67
2906,46.61
2907,172.24
2908,91.21
2909,181.14
2910,159.26
2911,19.56
2912,194.46
2913,9.36
2914,173.75
2915,7.2
2916,11.34
2917,158.29
2918,136.59
2919,67.33
2920,26.7
2921,125.32
2922,164.06
2923,86.04
2924,31.91
2925,185.58
2926,96.47
2927,19.26
2928,145.55
2929,122.83
2930,78.21
2931,108.82
2932,127.99
2933,110.64
2934,144.72
2935,154.6
2936,28.99
2937,133.27
2938,46.24
2939,96.24
2940,78.16
2941,151.08
2942,68.46
2943,59.17
2944,134.66
2945,35.66
2946,191.95
2947,163.57
2948,92.21
2949,94.49
2950,152.65
2951,17.48
2952,73.54
2953,154.08
2954,18.57
2955,155.28
2956,74.36
2957,164.73
2958,43.81
2959,37.88
2960,117.28
2961,133.23
2962,156.34
2963,78.03
2964,145.85
2965,114.33
2966,64.2
2967,103.17
2968,185.68
2969,154.29
2970,47.62
2971,67.39
2972,79.6
2973,199.74
2974,139.55
2975,50.05
2976,152.92
2977,141.34
2978,104.84
2979,192.51
2980,150.91
2981,193.4
2982,94.23
2983,122.9
2984,126.76
2985,35.25
2986,16.65
2987,192.98
2988,46.9
2989,26.4
2990,158.84
2991,35.62
2992,68.08
2993,128.7
2994,178.86
2995,59.94
2996,63.53
2997,40.01
2998,117.28
2999,69.38
3000,119.92
3001,128.72
3002,40.63
3003,160.87
3004,42.23
3005,35.65
3006,153.69
3007,111.74
3008,95.2
3009,66.99
3010,160.34
3011,148.4
3012,57.02
3013,12.41
3014,17.68
3015,168.66
3016,89.01
3017,127.32
3018,27.86
3019,124.5
3020,102.71
3021,78.03
3022,160.3
3023,46.99
3024,127.68
3025,192.61
3026,166.52
3027,36.19
3028,53.63
3029,81.78
3030,24.4
3031,22.04
3032,188.6
3033,71.41
3034,67.68
3035,84.86
3036,145.18
3037,170.14
3038,119.85
3039,128.07
3040,54.85
3041,10.25
3042,172.99
3043,132.45
3044,84.34
3045,86.84
3046,175.16
3047,16.09
3048,32.84
3049,165.63
3050,154.75
3051,161.47
3052,154.13
3053,145.87
3054,0.8
3055,98.52
3056,158.31
3057,116.52
3058,44.35
3059,130.24
3060,79.79
3061,176.51
3062,82.47
3063,134.87
3064,110.47
3065,159.63
3066,5.57
3067,183.73
3068,3.72
3069,178.61
3070,165.54
3071,197.86
3072,29.97
3073,104.28
3074,142.11
3075,196.88
3076,125.2
3077,101.08
3078,86.19
3079,59.01
3080,155.46
3081,195.25
3082,35.7
3083,12.87
3084,172.4
3085,174.6
3086,122.06
3087,92.02
3088,74.46
3089,96.18
3090,184.46
3091,130.1
3092,169.74
3093,145.37
3094,31.86
3095,100.93
3096,162.31
3097,97.66
3098,118.53
3099,172.29
3100,159.92
3101,56.98
3102,193.71
3103,88.88
3104,130.31
3105,13.18
3106,152.78
3107,145.34
3108,74.43
3109,47.37
3110,194.17
3111,158.27
3112,141.03
3113,191.72
3114,71.46
3115,197.24
3116,171.43
3117,105.42
3118,60.19
3119,1.05
3120,114.03
3121,38.03
3122,47.36
3123,157.33
3124,103.9
3125,138.72
3126,91.77
3127,14.9
3128,85.88
3129,13.14
3130,74.07
3131,180.07
3132,161.8
3133,194.57
3134,0.34
3135,107.77
3136,154.81
3137,36.65
3138,124.73
3139,90.23
3140,195.88
3141,24.91
3142,180.24
3143,126.11
3144,60.84
3145,195.55
3146,18.44
3147,69.46
3148,100.24
3149,50.7
3150,83.69
3151,66.21
3152,194.97
3153,192.41
3154,165.1
3155,22.66
3156,195.99
3157,57.4
3158,111.67
3159,32.28
3160,26.21
3161,84.27
3162,64.9
3163,81.75
3164,168.64
3165,62.91
3166,188.11
3167,73.67
3168,38.04
3169,49.03
3170,176.12
3171,69.91
3172,63.69
3173,148.35
3174,136.36
3175,47.85
3176,139.66
3177,122.9
3178,165.48
3179,189.03
3180,17.09
3181,182.62
3182,100.22
3183,3.22
3184,140.97
3185,122.24
3186,133.41
3187,111.09
3188,160.13
3189,83.74
3190,107.98
3191,144.79
3192,113.99
3193,50.88
3194,101.37
3195,197.82
3196,169.19
3197,42.76
3198,160.91
3199,101.84
3200,160.09
3201,94.44
3202,42.56
3203,55.84
3204,143.79
3205,100.91
3206,197.33
3207,29.51
3208,129.0
3209,7.36
3210,172.06
3211,149.02
3212,20.57
3213,142.29
3214,188.76
3215,194.29
3216,78.85
3217,73.89
3218,15.5
3219,31.23
3220,176.71
3221,64.09
3222,4.3
3223,154.48
3224,150.36
3225,12.71
3226,191.15
3227,192.88
3228,192.83
3229,99.29
3230,194.9
3231,34.1
3232,114.14
3233,77.24
3234,6.18
3235,6.22
3236,117.1
3237,111.7
3238,59.07
3239,90.57
3240,57.94
3241,121.66
3242,40.27
3243,195.97
3244,17.83
3245,84.88
3246,6.16
3247,109.92
3248,79.5
3249,30.19
3250,155.81
3251,132.91
3252,141.72
3253,194.63
3254,86.69
3255,162.19
3256,116.87
3257,48.9
3258,74.84
3259,136.22
3260,93.31
3261,192.82
3262,26.08
3263,47.99
3264,121.19
3265,198.32
3266,9.91
3267,118.48
3268,135.09
3269,56.99
3270,124.99
3271,130.82
3272,161.7
3273,119.82
3274,176.28
3275,45.75
3276,140.64
3277,136.26
3278,173.68
3279,141.06
3280,47.96
3281,55.85
3282,142.35
3283,63.52
3284,147.7
3285,43.93
3286,24.77
3287,186.13
3288,107.31
3289,146.12
3290,169.41
3291,133.2
3292,29.28
3293,114.24
3294,141.83
3295,144.71
3296,144.26
3297,82.57
3298,175.55
3299,142.83
3300,135.33
3301,91.28
3302,66.68
3303,102.69
3304,37.02
3305,15.92
3306,7.76
3307,170.63
3308,45.64
3309,147.61
3310,93.33
3311,63.37
3312,162.16
3313,138.7
3314,163.95
3315,4.48
3316,53.7
3317,181.58
3318,105.34
3319,189.18
3320,152.25
3321,191.51
3322,37.35
3323,63.58
3324,153.64
3325,183.8
3326,182.78
3327,85.81
3328,66.7
3329,188.68
3330,86.44
3331,195.58
3332,64.44
3333,21.47
3334,140.59
3335,30.74
3336,170.79
3337,185.79
3338,56.63
3339,193.32
3340,61.86
3341,123.46
3342,59.84
3343,113.96
3344,9.36
3345,83.34
3346,54.75
3347,37.21
3348,28.45
3349,174.76
3350,162.83
3351,109.93
3352,140.78
3353,129.88
3354,64.14
3355,85.87
3356,142.82
3357,45.73
3358,160.1
3359,40.82
3360,30.78
3361,37.23
3362,145.42
3363,78.41
3364,168.04
3365,72.02
3366,56.43
3367,63.44
3368,27.85
3369,69.97
3370,172.27
3371,57.0
3372,0.47
3373,21.69
3374,194.36
3375,95.17
3376,175.0
3377,192.14
3378,59.12
3379,149.21
3380,122.7
3381,73.4
3382,101.21
3383,115.52
3384,84.1
3385,36.59
3386,177.15
3387,39.7
3388,165.51
3389,8.1
3390,2.06
3391,126.5
3392,121.95
3393,55.31
3394,182.08
3395,181.98
3396,180.74
3397,161.13
3398,14.11
3399,20.81
3400,132.94
3401,126.79
3402,161.04
3403,69.73
3404,180.92
3405,7.18
3406,180.58
3407,63.07
3408,9.44
3409,148.44
3410,43.45
3411,135.74
3412,22.26
3413,114.55
3414,157.85
3415,69.6
3416,150.91
3417,17.26
3418,68.56
3419,174.43
3420,165.86
3421,66.19
3422,123.91
3423,68.01
3424,43.73
3425,191.35
3426,146.9
3427,89.06
3428,148.91
3429,64.89
3430,31.25
3431,140.69
3432,58.1
3433,9.63
3434,102.6
3435,95.03
3436,163.24
3437,149.45
3438,15.28
3439,56.24
3440,196.89
3441,119.33
3442,99.88
3443,184.72
3444,44.21
3445,57.7
3446,122.4
3447,123.8
3448,11.13
3449,138.91
3450,113.41
3451,139.6
3452,16.61
3453,104.14
3454,147.84
3455,166.33
3456,115.24
3457,0.91
3458,20.8
3459,194.41
3460,175.02
3461,188.04
3462,187.38
3463,90.0
3464,132.45
3465,185.1
3466,126.79
3467,52.89
3468,16.96
3469,197.44
3470,65.8
3471,195.74
3472,151.26
3473,139.48
3474,139.36
3475,28.89
3476,65.12
3477,63.94
3478,156.97
3479,124.92
3480,111.81
3481,75.31
3482,43.47
3483,58.88
3484,57.5
3485,196.44
3486,169.85
3487,123.39
3488,135.8
3489,91.18
3490,8.56
3491,28.13
3492,25.2
3493,102.37
3494,45.68
3495,79.69
3496,88.73
3497,146.23
3498,30.91
3499,40.99
3500,13.63
3501,137.7
3502,58.17
3503,197.26
3504,46.38
3505,103.48
3506,43.39
3507,9.95
3508,193.43
3509,30.29
3510,136.19
3511,12.14
3512,54.71
3513,60.68
3514,73.03
3515,107.17
3516,180.36
3517,101.09
3518,186.08
3519,110.43
3520,37.05
3521,173.05
3522,17.37
3523,54.22
3524,131.46
3525,94.38
3526,59.79
3527,32.62
3528,65.94
3529,68.38
3530,68.44
3531,146.93
3532,81.12
3533,171.23
3534,183.5
3535,21.16
3536,61.43
3537,107.35
3538,155.15
3539,118.55
3540,191.42
3541,52.0
3542,25.06
3543,44.72
3544,87.8
3545,99.75
3546,91.76
3547,192.93
3548,163.17
3549,15.17
3550,75.59
3551,96.83
3552,170.03
3553,123.55
3554,115.28
3555,79.47
3556,76.8
3557,79.12
3558,131.59
3559,119.21
3560,89.71
3561,120.1
3562,77.87
3563,44.44
3564,104.75
3565,162.62
3566,175.83
3567,144.11
3568,45.87
3569,112.21
3570,16.17
3571,20.43
3572,107.09
3573,64.45
3574,39.04
3575,32.9
3576,159.92
3577,170.47
3578,152.67
3579,75.06
3580,5.23
3581,136.78
3582,99.47
3583,193.2
3584,135.74
3585,6.94
3586,180.64
3587,44.76
3588,147.66
3589,108.64
3590,81.48
3591,180.0
3592,53.58
3593,74.35
3594,192.85
3595,89.05
3596,162.07
3597,122.25
3598,132.2
3599,63.63
3600,114.17
3601,180.63
3602,166.86
3603,187.53
3604,78.45
3605,118.48
3606,87.29
3607,171.45
3608,198.97
3609,92.2
3610,95.28
3611,109.55
3612,20.33
3613,101.75
3614,168.8
3615,107.76
3616,177.82
3617,74.04
3618,117.6
3619,97.91
3620,19.36
3621,61.39
3622,23.39
3623,21.69
3624,46.42
3625,109.18
3626,79.55
3627,162.55
3628,68.13
3629,95.71
3630,14.5
3631,152.78
3632,25.59
3633,73.51
3634,44.6
3635,25.81
3636,106.88
3637,57.43
3638,30.74
3639,144.53
3640,114.28
3641,87.08
3642,3.74
3643,93.8
3644,79.05
3645,155.51
3646,99.47
3647,10.68
3648,50.81
3649,186.48
3650,51.16
3651,98.09
3652,151.44
3653,179.76
3654,98.46
3655,8.73
3656,176.0
3657,74.82
3658,68.83
3659,138.64
3660,114.07
3661,107.08
3662,61.51
3663,199.23
3664,104.68
3665,164.0
3666,176.22
3667,20.7
3668,171.03
3669,133.72
3670,56.31
3671,168.86
3672,28.44
3673,78.87
3674,62.6
3675,55.68
3676,144.57
3677,33.3
3678,55.37
3679,107.39
3680,195.1
3681,197.96
3682,129.86
3683,182.93
3684,72.37
3685,26.1
3686,73.46
3687,126.1
3688,72.67
3689,98.14
3690,55.39
3691,108.4
3692,35.69
3693,121.64
3694,173.31
3695,95.57
3696,42.49
3697,191.55
3698,107.2
3699,150.59
3700,175.5
3701,157.35
3702,196.92
3703,119.54
3704,174.1
3705,131.72
3706,187.59
3707,11.42
3708,27.55
3709,35.45
3710,39.13
3711,17.03
3712,160.96
3713,132.69
3714,106.4
3715,123.41
3716,39.68
3717,0.66
3718,34.35
3719,141.05
3720,194.93
3721,134.84
3722,193.4
3723,25.68
3724,165.91
3725,102.23
3726,131.91
3727,148.31
3728,160.13
3729,15.93
3730,35.88
3731,175.33
3732,55.89
3733,197.77
3734,35.24
3735,138.4
3736,32.86
3737,190.18
3738,87.36
3739,130.09
3740,180.44
3741,187.73
3742,53.5
3743,191.01
3744,131.98
3745,174.32
3746,106.43
3747,181.87
3748,47.26
3749,166.51
3750,146.28
3751,23.32
3752,88.25
3753,104.78
3754,59.49
3755,90.85
3756,28.09
3757,151.04
3758,80.81
3759,138.44
3760,42.92
3761,169.17
3762,43.32
3763,186.42
3764,197.97
3765,59.95
3766,146.84
3767,64.85
3768,163.15
3769,177.0
3770,197.56
3771,71.95
3772,184.21
3773,93.68
3774,162.15
3775,102.37
3776,182.85
3777,32.89
3778,83.43
3779,97.04
3780,108.52
3781,170.19
3782,2.74
3783,95.16
3784,177.91
3785,130.08
3786,53.02
3787,40.97
3788,176.7
3789,56.59
3790,75.86
3791,94.29
3792,187.58
3793,25.33
3794,101.08
3795,45.78
3796,87.38
3797,89.77
3798,26.3
3799,25.29
3800,150.36
3801,88.92
3802,116.5
3803,71.07
3804,180.36
3805,168.68
3806,38.27
3807,2.57
3808,160.12
3809,103.41
3810,5.87
3811,156.5
3812,103.42
3813,134.61
3814,196.58
3815,9.71
3816,53.49
3817,155.92
3818,67.84
3819,54.36
3820,41.54
3821,59.39
3822,191.36
3823,10.81
3824,115.59
3825,79.36
3826,10.45
3827,15.79
3828,124.26
3829,70.96
3830,187.32
3831,82.53
3832,177.98
3833,18.18
3834,52.88
3835,105.85
3836,79.46
3837,59.1
3838,198.73
3839,125.34
3840,142.08
3841,168.91
3842,189.26
3843,167.31
3844,100.48
3845,3.54
3846,185.53
3847,84.3
3848,147.03
3849,43.6
3850,34.63
3851,94.1
3852,146.55
3853,103.04
3854,153.08
3855,63.82
3856,15.48
3857,70.99
3858,31.17
3859,168.41
3860,109.55
3861,178.23
3862,39.99
3863,191.2
3864,139.91
3865,59.27
3866,192.69
3867,110.99
3868,112.33
3869,189.29
3870,117.04
3871,138.23
3872,43.61
3873,142.1
3874,96.56
3875,151.85
3876,128.37
3877,76.08
3878,188.17
3879,20.54
3880,81.41
3881,18.23
3882,46.45
3883,141.58
3884,121.18
3885,3.08
3886,37.99
3887,175.53
3888,156.83
3889,8.58
3890,170.8
3891,127.93
3892,191.7
3893,117.72
3894,179.97
3895,93.54
3896,163.66
3897,98.86
3898,23.91
3899,147.87
3900,169.79
3901,79.61
3902,83.25
3903,167.69
3904,33.2
3905,186.0
3906,7.69
3907,106.98
3908,35.99
3909,69.47
3910,5.96
3911,166.87
3912,126.62
3913,68.25
3914,59.5
3915,46.45
3916,167.97
3917,79.26
3918,30.22
3919,108.73
3920,74.65
3921,31.25
3922,133.11
3923,122.28
3924,130.45
3925,184.13
3926,75.24
3927,120.75
3928,169.86
3929,43.03
3930,163.47
3931,139.92
3932,32.23
3933,107.69
3934,122.65
3935,125.32
3936,190.78
3937,186.07
3938,178.54
3939,178.12
3940,144.95
3941,51.77
3942,123.17
3943,43.56
3944,181.62
3945,11.43
3946,159.18
3947,40.68
3948,66.39
3949,95.17
3950,134.45
3951,61.85
3952,44.03
3953,167.18
3954,139.02
3955,119.12
3956,35.51
3957,2.85
3958,8.44
3959,100.83
3960,124.76
3961,160.11
3962,137.45
3963,97.11
3964,13.87
3965,52.25
3966,123.23
3967,72.38
3968,31.77
3969,17.93
3970,32.58
3971,93.0
3972,153.39
3973,45.96
3974,5.93
3975,173.68
3976,22.4
3977,139.46
3978,78.79
3979,68.48
3980,21.24
3981,14.82
3982,37.69
3983,14.37
3984,23.72
3985,148.28
3986,86.68
3987,150.34
3988,193.26
3989,58.63
3990,10.82
3991,9.45
3992,177.96
3993,106.44
3994,38.02
3995,51.54
3996,62.44
3997,197.96
3998,192.07
3999,194.18
4000,67.87
4001,125.95
4002,31.68
4003,132.55
4004,164.84
4005,179.94
4006,183.08
4007,88.81
4008,19.54
4009,97.5
4010,87.16
4011,49.32
4012,23.9
4013,166.68
4014,1.9
4015,39.16
4016,197.59
4017,57.42
4018,197.2
4019,195.68
4020,69.98
4021,113.09
4022,197.05
4023,10.98
4024,8.22
4025,95.95
4026,198.19
4027,42.13
4028,19.16
4029,114.57
4030,80.78
4031,74.85
4032,168.24
4033,102.16
4034,29.09
4035,194.82
4036,114.61
4037,126.01
4038,101.89
4039,9.47
4040,146.9
4041,20.29
4042,18.46
4043,49.42
4044,42.45
4045,73.29
4046,51.72
4047,152.8
4048,140.45
4049,88.12
4050,44.54
4051,74.22
4052,80.45
4053,121.44
4054,69.12
4055,64.73
4056,126.66
4057,54.58
4058,21.66
4059,116.63
4060,21.69
4061,47.18
4062,8.64
4063,196.63
4064,99.91
4065,170.76
4066,198.38
4067,99.28
4068,155.48
4069,158.47
4070,141.74
4071,43.54
4072,103.99
4073,153.85
4074,99.77
4075,106.44
4076,189.17
4077,130.15
4078,45.98
4079,189.29
4080,154.8
4081,166.17
4082,22.14
4083,158.02
4084,60.68
4085,11.43
4086,85.58
4087,164.92
4088,32.46
4089,151.4
4090,52.91
4091,120.84
4092,19.57
4093,24.1
4094,122.21
4095,125.58
4096,180.91
4097,171.79
4098,142.82
4099,151.53
4100,128.43
4101,183.37
4102,169.07
4103,59.42
4104,194.53
4105,194.3
4106,117.07
4107,23.52
4108,37.47
4109,92.13
4110,19.48
4111,198.47
4112,189.3
4113,60.6
4114,81.85
4115,190.61
4116,180.48
4117,55.89
4118,119.54
4119,73.25
4120,169.65
4121,140.25
4122,161.02
4123,127.21
4124,3.43
4125,174.96
4126,89.69
4127,190.78
4128,129.71
4129,19.7
4130,37.18
4131,47.95
4132,168.97
4133,163.63
4134,170.71
4135,160.32
4136,74.16
4137,43.47
4138,93.98
4139,61.23
4140,4.57
4141,127.26
4142,20.11
4143,10.76
4144,10.38
4145,76.37
4146,193.89
4147,144.02
4148,193.11
4149,115.3
4150,114.65
4151,22.21
4152,97.54
4153,48.24
4154,124.08
4155,124.37
4156,159.52
4157,135.92
4158,61.25
4159,119.34
4160,72.45
4161,135.51
4162,59.08
4163,7.2
4164,163.28
4165,109.49
4166,89.79
4167,195.19
4168,13.43
4169,59.76
4170,119.15
4171,178.56
4172,117.56
4173,31.56
4174,74.47
4175,66.75
4176,5.15
4177,199.11
4178,79.43
4179,50.25
4180,92.81
4181,135.54
4182,149.78
4183,153.47
4184,46.26
4185,139.17
4186,92.38
4187,63.58
4188,56.0
4189,117.11
4190,40.27
4191,2.3
4192,6.53
4193,111.32
4194,167.44
4195,59.32
4196,100.84
4197,166.4
4198,116.97
4199,36.35
4200,114.48
4201,130.55
4202,2.07
4203,144.05
4204,126.82
4205,169.5
4206,56.36
4207,127.33
4208,198.85
4209,57.38
4210,10.78
4211,195.92
4212,181.3
4213,182.74
4214,90.29
4215,144.28
4216,47.22
4217,133.32
4218,68.23
4219,68.46
4220,16.91
4221,19.05
4222,125.85
4223,167.54
4224,14.86
4225,170.85
4226,159.84
4227,90.06
4228,48.27
4229,107.67
4230,191.69
4231,122.0
4232,79.23
4233,157.14
4234,192.4
4235,67.17
4236,51.54
4237,67.9
4238,14.71
4239,17.24
4240,165.61
4241,82.7
4242,22.98
4243,21.61
4244,187.06
4245,101.17
4246,65.07
4247,122.1
4248,134.05
4249,95.82
4250,188.53
4251,58.92
4252,10.27
4253,148.96
4254,74.87
4255,115.54
4256,19.63
4257,29.68
4258,151.18
4259,57.72
4260,99.9
4261,104.93
4262,72.5
4263,154.36
4264,10.55
4265,179.4
4266,4.85
4267,188.22
4268,39.07
4269,178.85
4270,68.98
4271,9.21
4272,71.77
4273,94.46
4274,184.55
4275,159.86
4276,2.21
4277,162.06
4278,122.84
4279,176.28
4280,7.4
4281,22.61
4282,8.49
4283,97.94
4284,53.09
4285,152.38
4286,8.89
4287,63.82
4288,134.51
4289,81.54
4290,142.3
4291,79.45
4292,25.36
4293,29.97
4294,190.94
4295,102.8
4296,170.14
4297,153.52
4298,183.79
4299,75.8
4300,10.36
4301,41.6
4302,172.72
4303,90.72
4304,135.92
4305,120.94
4306,174.56
4307,67.3
4308,135.11
4309,79.11
4310,159.25
4311,71.21
4312,13.52
4313,189.43
4314,51.14
4315,15.83
4316,62.84
4317,151.63
4318,167.82
4319,190.56
4320,166.09
4321,190.87
4322,162.02
4323,104.22
4324,90.82
4325,86.27
4326,131.58
4327,181.31
4328,156.35
4329,30.9
4330,197.0
4331,127.94
4332,126.55
4333,24.88
4334,146.38
4335,30.97
4336,25.27
4337,47.86
4338,147.41
4339,14.92
4340,79.8
4341,77.76
4342,149.86
4343,187.76
4344,72.88
4345,41.22
4346,121.97
4347,139.05
4348,59.96
4349,55.56
4350,105.57
4351,137.73
4352,5.11
4353,199.04
4354,162.01
4355,55.29
4356,81.36
4357,161.94
4358,148.58
4359,194.12
4360,37.46
4361,26.37
4362,153.97
4363,114.21
4364,110.29
4365,178.29
4366,84.09
4367,87.55
4368,7.51
4369,81.81
4370,97.74
4371,109.64
4372,36.98
4373,115.26
4374,186.89
4375,168.05
4376,159.22
4377,196.54
4378,146.56
4379,182.23
4380,58.0
4381,199.34
4382,47.88
4383,32.88
4384,132.97
4385,43.17
4386,115.67
4387,163.66
4388,192.6
4389,198.74
4390,132.88
4391,96.19
4392,155.38
4393,117.55
4394,47.64
4395,31.69
4396,180.25
4397,85.07
4398,7.13
4399,56.61
4400,89.98
4401,15.49
4402,1.79
4403,31.84
4404,30.8
4405,184.75
4406,194.49
4407,161.13
4408,70.72
4409,117.62
4410,95.99
4411,89.52
4412,32.0
4413,5.97
4414,52.13
4415,144.85
4416,173.76
4417,77.96
4418,25.89
4419,21.31
4420,36.37
4421,174.09
4422,23.88
4423,157.06
4424,11.38
4425,60.48
4426,50.66
4427,176.73
4428,102.53
4429,22.47
4430,9.4
4431,102.4
4432,60.83
4433,191.28
4434,175.56
4435,89.22
4436,154.68
4437,59.65
4438,126.71
4439,23.95
4440,63.08
4441,30.52
4442,166.09
4443,100.72
4444,80.93
4445,118.6
4446,108.97
4447,24.49
4448,105.18
4449,100.25
4450,66.08
4451,142.52
4452,41.19
4453,138.26
4454,184.41
4455,14.68
4456,52.75
4457,149.75
4458,45.81
4459,165.98
4460,148.64
4461,78.18
4462,64.69
4463,165.74
4464,73.33
4465,155.03
4466,57.92
4467,101.64
4468,44.89
4469,37.28
4470,72.26
4471,23.28
4472,22.05
4473,2.2
4474,168.91
4475,72.58
4476,96.04
4477,107.55
4478,174.63
4479,41.98
4480,72.01
4481,176.45
4482,188.52
4483,169.71
4484,170.89
4485,15.5
4486,123.51
4487,23.64
4488,57.39
4489,109.93
4490,187.41
4491,88.75
4492,191.08
4493,6.25
4494,156.25
4495,37.57
4496,59.72
4497,62.93
4498,82.47
4499,177.7
4500,75.12
4501,179.68
4502,56.91
4503,154.83
4504,110.91
4505,136.05
4506,37.56
4507,94.98
4508,192.69
4509,193.95
4510,50.49
4511,155.15
4512,154.61
4513,198.34
4514,51.22
4515,177.55
4516,127.64
4517,153.99
4518,139.36
4519,184.89
4520,69.33
4521,187.54
4522,173.78
4523,121.78
4524,92.83
4525,179.44
4526,46.46
4527,171.97
4528,7.23
4529,165.07
4530,118.54
4531,23.75
4532,4.47
4533,118.14
4534,53.94
4535,34.88
4536,174.77
4537,91.91
4538,93.68
4539,170.2
4540,41.13
4541,91.42
4542,31.31
4543,70.67
4544,94.59
4545,148.48
4546,186.4
4547,61.49
4548,122.55
4549,63.51
4550,24.08
4551,46.32
4552,164.79
4553,95.36
4554,178.68
4555,190.06
4556,25.61
4557,51.91
4558,126.73
4559,83.18
4560,38.37
4561,108.62
4562,15.11
4563,139.87
4564,176.75
4565,6.11
4566,116.92
4567,93.23
4568,18.82
4569,191.15
4570,13.2
4571,143.52
4572,168.72
4573,146.91
4574,75.39
4575,109.87
4576,100.45
4577,55.84
4578,114.07
4579,181.45
4580,85.38
4581,160.32
4582,47.65
4583,38.37
4584,174.74
4585,106.05
4586,1.23
4587,59.76
4588,49.31
4589,134.31
4590,21.44
4591,77.37
4592,21.72
4593,82.51
4594,8.44
4595,10.06
4596,136.76
4597,160.42
4598,139.88
4599,82.28
4600,78.49
4601,119.75
4602,109.58
4603,102.52
4604,43.56
4605,184.51
4606,63.05
4607,191.12
4608,100.11
4609,73.32
4610,35.15
4611,151.33
4612,62.7
4613,75.92
4614,99.25
4615,193.06
4616,190.0
4617,135.48
4618,60.79
4619,93.19
4620,48.01
4621,53.98
4622,92.84
4623,176.42
4624,139.47
4625,47.68
4626,178.57
4627,52.46
4628,144.22
4629,127.42
4630,90.14
4631,60.54
4632,63.36
4633,158.5
4634,39.48
4635,164.04
4636,174.99
4637,63.99
4638,15.65
4639,14.84
4640,43.08
4641,2.45
4642,158.77
4643,29.84
4644,7.1
4645,112.85
4646,75.87
4647,189.7
4648,151.24
4649,66.76
4650,65.66
4651,48.32
4652,181.03
4653,74.6
4654,164.43
4655,78.31
4656,135.67
4657,105.32
4658,183.74
4659,64.26
4660,30.57
4661,1.23
4662,81.46
4663,149.87
4664,103.55
4665,26.53
4666,132.49
4667,105.88
4668,66.0
4669,169.36
4670,73.12
4671,125.3
4672,190.43
4673,179.94
4674,145.57
4675,169.94
4676,85.17
4677,126.66
4678,3.74
4679,36.01
4680,162.04
4681,83.52
4682,109.82
4683,109.93
4684,116.42
4685,167.93
4686,145.56
4687,90.43
4688,87.96
4689,134.69
4690,155.75
4691,119.59
4692,118.5
4693,133.06
4694,12.91
4695,163.6
4696,22.91
4697,131.14
4698,37.84
4699,197.19
4700,172.93
4701,152.3
4702,39.49
4703,149.33
4704,192.28
4705,88.95
4706,106.2
4707,39.02
4708,73.27
4709,103.2
4710,118.39
4711,90.31
4712,196.39
4713,107.86
4714,122.1
4715,163.09
4716,182.12
4717,185.39
4718,13.22
4719,151.18
4720,89.8
4721,60.14
4722,24.42
4723,7.42
4724,103.48
4725,77.89
4726,161.65
4727,33.15
4728,45.31
4729,84.35
4730,144.39
4731,199.27
4732,13.2
4733,76.62
4734,196.82
4735,24.91
4736,180.94
4737,51.69
4738,148.3
4739,135.96
4740,101.71
4741,174.5
4742,116.72
4743,139.77
4744,36.08
4745,139.88
4746,147.44
4747,3.73
4748,145.09
4749,180.55
4750,121.28
4751,173.42
4752,199.2
4753,66.17
4754,165.32
4755,155.07
4756,11.01
4757,57.85
4758,159.98
4759,36.73
4760,29.3
4761,84.12
4762,82.81
4763,135.43
4764,171.43
4765,89.47
4766,91.91
4767,196.24
4768,65.81
4769,178.77
4770,177.43
4771,34.0
4772,41.07
4773,41.06
4774,72.06
4775,23.05
4776,90.5
4777,167.29
4778,52.82
4779,79.93
4780,169.3
4781,100.07
4782,184.55
4783,139.19
4784,54.23
4785,168.26
4786,156.52
4787,110.46
4788,117.47
4789,64.98
4790,157.53
4791,142.77
4792,24.85
4793,160.8
4794,192.33
4795,190.07
4796,195.22
4797,62.71
4798,55.05
4799,167.34
4800,151.4
4801,182.09
4802,17.86
4803,38.68
4804,122.24
4805,79.93
4806,187.06
4807,39.3
4808,46.29
4809,122.61
4810,65.58
4811,52.31
4812,19.47
4813,94.42
4814,15.77
4815,76.96
4816,152.24
4817,82.31
4818,132.47
4819,153.96
4820,158.58
4821,91.77
4822,68.05
4823,37.94
4824,174.63
4825,119.0
4826,134.71
4827,74.29
4828,83.73
4829,92.27
4830,70.98
4831,100.64
4832,121.53
4833,60.96
4834,79.09
4835,31.45
4836,198.77
4837,75.75
4838,28.17
4839,155.37
4840,172.86
4841,111.84
4842,72.37
4843,10.17
4844,176.61
4845,65.87
4846,49.79
4847,42.79
4848,140.59
4849,56.74
4850,92.62
4851,101.35
4852,90.1
4853,145.38
4854,27.17
4855,112.84
4856,196.91
4857,83.24
4858,170.68
4859,68.32
4860,55.24
4861,54.73
4862,133.71
4863,115.84
4864,27.31
4865,164.85
4866,72.56
4867,171.7
4868,16.73
4869,191.93
4870,73.94
4871,167.07
4872,166.02
4873,98.72
4874,180.92
4875,98.45
4876,5.77
4877,10.41
4878,1.11
4879,182.94
4880,146.91
4881,42.15
4882,75.68
4883,145.49
4884,1.09
4885,48.98
4886,29.93
4887,92.02
4888,68.59
4889,99.07
4890,32.92
4891,141.5
4892,119.6
4893,148.59
4894,16.72
4895,156.15
4896,40.34
4897,186.14
4898,88.23
4899,26.45
4900,48.68
4901,95.48
4902,13.21
4903,147.07
4904,137.75
4905,132.19
4906,27.02
4907,133.7
4908,163.65
4909,138.98
4910,83.68
4911,14.63
4912,172.26
4913,7.46
4914,120.26
4915,22.83
4916,162.39
4917,140.67
4918,167.3
4919,43.56
4920,31.31
4921,96.59
4922,138.96
4923,87.61
4924,79.92
4925,7.05
4926,55.99
4927,157.15
4928,79.09
4929,45.98
4930,162.44
4931,19.9
4932,42.88
4933,82.37
4934,97.97
4935,116.41
4936,94.12
4937,1.37
4938,116.88
4939,119.85
4940,31.69
4941,142.75
4942,101.45
4943,46.65
4944,169.71
4945,77.16
4946,110.33
4947,15.56
4948,37.59
4949,172.52
4950,196.43
4951,23.09
4952,27.18
4953,185.11
4954,41.64
4955,184.5
4956,85.91
4957,12.15
4958,21.56
4959,147.27
4960,7.3
4961,91.6
4962,4.37
4963,196.08
4964,124.13
4965,113.56
4966,177.46
4967,174.82
4968,101.34
4969,181.31
4970,10.16
4971,181.44
4972,182.61
4973,133.87
4974,144.18
4975,156.51
4976,102.95
4977,10.64
4978,47.92
4979,130.54
4980,20.81
4981,22.33
4982,79.24
4983,148.36
4984,29.99
4985,120.04
4986,45.26
4987,34.56
4988,12.92
4989,65.65
4990,81.55
4991,116.89
4992,110.07
4993,33.12
4994,140.43
4995,109.73
4996,136.94
4997,3.42
4998,49.33
4999,141.46
5000,199.54
5001,103.71
5002,53.82
5003,21.89
5004,0.09
5005,157.31
5006,186.44
5007,70.71
5008,69.78
5009,179.92
5010,171.67
5011,23.17
5012,19.53
5013,120.25
5014,111.9
5015,112.55
5016,163.39
5017,168.09
5018,183.66
5019,77.47
5020,80.91
5021,47.72
5022,187.73
5023,192.53
5024,19.19
5025,191.1
5026,154.63
5027,138.06
5028,197.18
5029,55.79
5030,81.7
5031,121.96
5032,112.84
5033,23.21
5034,30.73
5035,138.33
5036,16.07
5037,56.21
5038,91.15
5039,26.33
5040,117.76
5041,27.79
5042,54.34
5043,6.34
5044,80.61
5045,117.12
5046,130.75
5047,12.83
5048,29.48
5049,77.79
5050,158.87
5051,101.52
5052,90.83
5053,158.73
5054,125.21
5055,50.97
5056,139.98
5057,138.56
5058,39.79
5059,175.68
5060,160.49
5061,108.69
5062,11.72
5063,108.63
5064,132.1
5065,100.24
5066,67.77
5067,194.39
5068,24.53
5069,115.98
5070,5.24
5071,73.27
5072,85.64
5073,58.28
5074,190.19
5075,136.97
5076,89.48
5077,54.48
5078,69.08
5079,123.06
5080,114.94
5081,31.97
5082,49.94
5083,177.93
5084,122.42
5085,84.85
5086,175.97
5087,131.94
5088,10.83
5089,23.44
5090,125.89
5091,168.19
5092,110.66
5093,83.23
5094,80.15
5095,48.31
5096,64.36
5097,181.2
5098,111.04
5099,177.53
5100,72.03
5101,31.58
5102,155.28
5103,68.6
5104,36.34
5105,190.68
5106,157.65
5107,35.65
5108,118.12
5109,189.25
5110,6.1
5111,36.0
5112,86.71
5113,133.01
5114,41.97
5115,107.23
5116,162.42
5117,193.02
5118,158.74
5119,80.7
5120,167.03
5121,74.14
5122,101.79
5123,10.01
5124,0.11
5125,82.71
5126,49.54
5127,148.68
5128,111.24
5129,165.0
5130,164.18
5131,119.3
5132,38.26
5133,57.16
5134,173.93
5135,147.4
5136,48.29
5137,36.69
5138,121.24
5139,40.88
5140,4.49
5141,73.43
5142,94.85
5143,93.11
5144,34.8
5145,161.59
5146,41.54
5147,122.79
5148,136.4
5149,89.7
5150,6.82
5151,23.62
5152,117.86
5153,192.98
5154,90.78
5155,37.45
5156,194.78
5157,180.25
5158,195.94
5159,179.43
5160,145.76
5161,88.32
5162,63.72
5163,125.77
5164,170.8
5165,10.51
5166,9.31
5167,70.25
5168,152.94
5169,142.78
5170,170.59
5171,11.59
5172,98.61
5173,179.13
5174,33.82
5175,179.55
5176,150.39
5177,14.11
5178,184.56
5179,34.5
5180,55.48
5181,36.35
5182,149.31
5183,2.69
5184,121.8
5185,169.31
5186,149.68
5187,197.78
5188,40.64
5189,193.95
5190,145.85
5191,32.14
5192,106.72
5193,157.59
5194,199.77
5195,192.16
5196,191.11
5197,169.89
5198,96.37
5199,156.71
5200,143.39
5201,25.75
5202,183.9
5203,0.85
5204,64.58
5205,191.49
5206,124.0
5207,112.24
5208,30.87
5209,148.49
5210,101.56
5211,75.94
5212,168.4
5213,93.78
5214,179.84
5215,43.6
5216,22.11
5217,35.95
5218,194.37
5219,24.76
5220,170.83
5221,194.37
5222,90.0
5223,182.19
5224,172.72
5225,50.26
5226,163.43
5227,149.51
5228,116.05
5229,152.74
5230,160.94
5231,121.88
5232,3.14
5233,194.12
5234,102.89
5235,101.28
5236,7.76
5237,153.52
5238,180.29
5239,147.09
5240,133.36
5241,2.09
5242,5.47
5243,29.38
5244,151.37
5245,167.84
5246,1.26
5247,117.61
5248,162.43
5249,43.72
5250,78.82
5251,136.86
5252,42.23
5253,3.87
5254,76.06
5255,141.0
5256,116.03
5257,177.44
5258,78.42
5259,19.84
5260,22.24
5261,109.87
5262,44.88
5263,37.9
5264,100.57
5265,128.74
5266,113.6
5267,169.46
5268,14.33
5269,107.75
5270,187.05
5271,150.24
5272,196.45
5273,118.41
5274,40.81
5275,109.07
5276,164.83
5277,141.9
5278,125.44
5279,24.46
5280,93.05
5281,85.38
5282,47.61
5283,37.3
5284,6.36
5285,192.47
5286,122.33
5287,105.46
5288,130.75
5289,17.78
5290,23.77
5291,79.44
5292,126.47
5293,16.56
5294,118.8
5295,79.02
5296,167.52
5297,0.05
5298,102.11
5299,198.09
5300,119.26
5301,63.73
5302,177.8
5303,174.11
5304,59.73
5305,125.97
5306,105.93
5307,128.7
5308,64.34
5309,134.85
5310,10.38
5311,172.68
5312,105.26
5313,72.58
5314,133.64
5315,88.2
5316,68.09
5317,139.36
5318,104.23
5319,77.3
5320,124.39
5321,14.08
5322,42.95
5323,22.64
5324,173.15
5325,7.86
5326,71.16
5327,104.59
5328,119.41
5329,133.68
5330,84.78
5331,155.33
5332,105.04
5333,83.54
5334,119.51
5335,173.49
5336,110.58
5337,14.58
5338,83.0
5339,95.44
5340,192.6
5341,114.7
5342,23.86
5343,88.91
5344,181.22
5345,37.29
5346,30.51
5347,78.13
5348,136.89
5349,52.38
5350,62.16
5351,181.28
5352,34.68
5353,0.59
5354,90.95
5355,183.11
5356,148.59
5357,94.54
5358,197.95
5359,186.51
5360,158.73
5361,127.45
5362,123.79
5363,80.46
5364,84.44
5365,150.8
5366,167.19
5367,42.33
5368,21.22
5369,32.09
5370,126.39
5371,187.46
5372,146.11
5373,158.95
5374,113.25
5375,130.75
5376,29.3
5377,128.06
5378,173.23
5379,142.64
5380,22.14
5381,69.36
5382,123.6
5383,166.28
5384,134.24
5385,109.26
5386,123.76
5387,192.01
5388,67.56
5389,198.61
5390,140.43
5391,41.3
5392,5.15
5393,181.71
5394,64.87
5395,111.07
5396,152.41
5397,165.45
5398,7.49
5399,79.65
5400,123.32
5401,181.04
5402,166.32
5403,106.13
5404,49.68
5405,104.97
5406,60.24
5407,191.22
5408,173.26
5409,187.82
5410,192.53
5411,134.8
5412,93.9
5413,102.16
5414,63.41
5415,191.45
5416,133.14
5417,123.14
5418,183.06
5419,127.98
5420,194.7
5421,141.82
5422,50.93
5423,62.88
5424,42.86
5425,16.15
5426,104.88
5427,93.17
5428,140.28
5429,197.06
5430,22.64
5431,128.98
5432,170.22
5433,67.62
5434,190.22
5435,169.42
5436,81.13
5437,141.5
5438,84.24
5439,64.46
5440,80.12
5441,104.7
5442,179.15
5443,126.42
5444,157.5
5445,6.77
5446,66.11
5447,175.56
5448,40.71
5449,171.47
5450,185.62
5451,115.02
5452,6.1
5453,117.63
5454,16.35
5455,127.66
5456,164.1
5457,65.89
5458,150.32
5459,165.87
5460,141.09
5461,54.24
5462,146.24
5463,172.78
5464,43.05
5465,2.58
5466,180.65
5467,109.87
5468,1.4
5469,129.47
5470,69.99
5471,43.25
5472,146.04
5473,95.67
5474,40.48
5475,161.31
5476,60.02
5477,105.04
5478,106.03
5479,47.57
5480,36.51
5481,65.8
5482,138.63
5483,148.42
5484,96.63
5485,109.97
5486,161.15
5487,75.65
5488,5.45
5489,161.4
5490,63.33
5491,109.31
5492,73.18
5493,133.57
5494,93.99
5495,100.25
5496,55.7
5497,157.61
5498,47.78
5499,152.78
5500,46.99
5501,105.91
5502,69.84
5503,123.72
5504,17.46
5505,11.53
5506,88.49
5507,117.86
5508,112.47
5509,188.09
5510,91.64
5511,104.85
5512,128.72
5513,143.23
5514,40.94
5515,113.18
5516,79.57
5517,68.72
5518,55.01
5519,111.17
5520,4.42
5521,141.02
5522,187.87
5523,111.16
5524,35.97
5525,184.32
5526,96.17
5527,194.52
5528,11.49
5529,167.13
5530,64.7
5531,96.27
5532,44.23
5533,65.09
5534,78.18
5535,176.34
5536,170.31
5537,91.57
5538,111.56
5539,39.91
5540,45.9
5541,88.55
5542,103.77
5543,31.13
5544,64.64
5545,192.73
5546,30.29
5547,146.91
5548,33.75
5549,6.68
5550,14.39
5551,36.97
5552,156.37
5553,67.39
5554,29.94
5555,148.36
5556,132.25
5557,69.33
5558,192.83
5559,14.55
5560,191.39
5561,115.85
5562,107.22
5563,179.31
5564,37.78
5565,79.99
5566,37.93
5567,103.52
5568,45.97
5569,136.36
5570,188.9
5571,1.1
5572,163.02
5573,79.68
5574,7.87
5575,160.18
5576,125.07
5577,15.11
5578,130.99
5579,32.68
5580,157.47
5581,131.15
5582,64.86
5583,170.0
5584,137.07
5585,62.47
5586,69.96
5587,59.19
5588,51.87
5589,184.01
5590,74.72
5591,130.89
5592,73.88
5593,9.92
5594,37.21
5595,1.28
5596,24.05
5597,96.71
5598,105.97
5599,116.85
5600,176.47
5601,199.1
5602,59.54
5603,28.53
5604,166.35
5605,130.94
5606,146.06
5607,169.28
5608,158.91
5609,98.09
5610,128.52
5611,164.69
5612,170.9
5613,53.05
5614,19.04
5615,105.26
5616,15.62
5617,172.6
5618,2.41
5619,78.83
5620,145.56
5621,190.51
5622,40.14
5623,190.74
5624,55.21
5625,8.75
5626,86.64
5627,185.53
5628,144.08
5629,64.02
5630,71.69
5631,36.81
5632,36.33
5633,174.88
5634,151.11
5635,148.95
5636,51.59
5637,22.0
5638,136.63
5639,14.87
5640,156.09
5641,115.8
5642,178.48
5643,72.72
5644,155.63
5645,119.27
5646,133.37
5647,173.52
5648,158.8
5649,82.74
5650,27.45
5651,127.85
5652,102.58
5653,65.94
5654,72.63
5655,105.11
5656,159.27
5657,142.75
5658,87.11
5659,199.75
5660,154.11
5661,183.39
5662,75.86
5663,76.74
5664,179.63
5665,196.07
5666,168.68
5667,98.16
5668,3.95
5669,92.07
5670,81.38
5671,27.41
5672,2.85
5673,19.18
5674,106.12
5675,14.57
5676,15.67
5677,178.6
5678,90.1
5679,111.05
5680,30.4
5681,160.56
5682,132.86
5683,192.59
5684,95.85
5685,176.41
5686,196.91
5687,3.04
5688,50.01
5689,92.78
5690,83.66
5691,79.77
5692,155.89
5693,151.22
5694,17.67
5695,43.13
5696,3.6
5697,78.69
5698,45.66
5699,90.04
5700,77.75
5701,63.22
5702,156.5
5703,108.46
5704,119.2
5705,163.69
5706,67.1
5707,198.21
5708,148.34
5709,193.07
5710,65.39
5711,11.45
5712,87.04
5713,17.81
5714,53.79
5715,58.14
5716,97.3
5717,138.93
5718,118.49
5719,76.07
5720,161.86
5721,113.54
5722,112.37
5723,175.5
5724,197.31
5725,67.95
5726,48.33
5727,181.07
5728,53.16
5729,140.21
5730,164.74
5731,185.29
5732,30.21
5733,160.44
5734,146.08
5735,135.46
5736,51.07
5737,198.18
5738,184.2
5739,89.17
5740,198.8
5741,174.87
5742,58.56
5743,190.38
5744,20.06
5745,25.24
5746,130.94
5747,124.47
5748,100.1
5749,41.12
5750,137.3
5751,115.58
5752,18.96
5753,43.11
5754,23.33
5755,97.28
5756,187.8
5757,85.1
5758,13.62
5759,144.27
5760,35.69
5761,173.95
5762,142.62
5763,88.42
5764,62.14
5765,168.58
5766,15.34
5767,27.5
5768,30.45
5769,147.61
5770,1.33
5771,178.54
5772,39.99
5773,33.65
5774,129.35
5775,45.67
5776,110.22
5777,59.62
5778,70.44
5779,138.6
5780,46.51
5781,183.84
5782,114.68
5783,12.18
5784,73.58
5785,61.75
5786,170.14
5787,49.72
5788,105.76
5789,154.6
5790,159.45
5791,97.61
5792,87.65
5793,147.53
5794,6.71
5795,77.31
5796,170.08
5797,188.72
5798,39.41
5799,193.93
5800,159.62
5801,115.11
5802,172.05
5803,29.86
5804,29.53
5805,41.27
5806,112.46
5807,177.18
5808,0.22
5809,192.27
5810,125.26
5811,118.45
5812,79.98
5813,21.36
5814,34.43
5815,138.49
5816,104.18
5817,70.28
5818,67.76
5819,53.64
5820,126.99
5821,42.22
5822,88.97
5823,184.56
5824,70.37
5825,49.25
5826,99.22
5827,177.76
5828,145.15
5829,122.95
5830,166.73
5831,185.36
5832,52.35
5833,119.49
5834,48.82
5835,91.66
5836,16.44
5837,8.91
5838,21.9
5839,150.42
5840,63.16
5841,185.49
5842,160.86
5843,110.36
5844,155.02
5845,42.88
5846,73.67
5847,57.59
5848,174.04
5849,182.19
5850,191.98
5851,87.73
5852,129.89
5853,24.45
5854,94.22
5855,168.89
5856,198.04
5857,88.76
5858,82.39
5859,68.48
5860,157.11
5861,79.95
5862,149.7
5863,122.49
5864,172.39
5865,38.09
5866,46.6
5867,192.62
5868,12.25
5869,171.71
5870,141.53
5871,122.09
5872,143.01
5873,195.94
5874,81.29
5875,138.59
5876,167.84
5877,76.75
5878,7.07
5879,93.49
5880,105.17
5881,94.74
5882,166.74
5883,173.03
5884,168.64
5885,73.67
5886,191.34
5887,101.12
5888,149.46
5889,138.27
5890,106.55
5891,33.77
5892,103.95
5893,100.36
5894,169.07
5895,195.34
5896,121.58
5897,161.1
5898,57.56
5899,144.88
5900,28.05
5901,17.23
5902,117.99
5903,92.67
5904,57.59
5905,70.66
5906,112.09
5907,173.8
5908,173.71
5909,121.3
5910,169.49
5911,31.6
5912,63.01
5913,73.95
5914,191.66
5915,177.42
5916,136.69
5917,159.23
5918,129.04
5919,171.97
5920,118.89
5921,154.74
5922,192.13
5923,2.24
5924,42.28
5925,149.27
5926,52.56
5927,122.34
5928,77.49
5929,20.41
5930,69.97
5931,122.46
5932,94.87
5933,106.06
5934,89.2
5935,83.49
5936,110.32
5937,44.13
5938,45.98
5939,84.1
5940,118.54
5941,148.66
5942,183.76
5943,64.74
5944,44.46
5945,83.05
5946,186.17
5947,3.29
5948,181.11
5949,34.62
5950,115.66
5951,67.65
5952,41.06
5953,3.21
5954,148.92
5955,146.27
5956,105.68
5957,177.21
5958,152.01
5959,96.76
5960,54.61
5961,7.52
5962,127.59
5963,112.82
5964,151.15
5965,198.46
5966,52.83
5967,65.49
5968,6.29
5969,18.61
5970,137.36
5971,61.43
5972,92.12
5973,138.54
5974,164.06
5975,195.88
5976,163.97
5977,34.89
5978,159.47
5979,97.14
5980,104.94
5981,21.5
5982,150.69
5983,116.05
5984,14.85
5985,65.39
5986,102.96
5987,119.49
5988,156.46
5989,153.55
5990,53.27
5991,66.67
5992,130.63
5993,133.24
5994,84.34
5995,48.3
5996,131.89
5997,137.65
5998,83.52
5999,6.13
6000,63.05
6001,60.76
6002,14.61
6003,16.33
6004,63.93
6005,169.27
6006,47.91
6007,178.27
6008,96.38
6009,113.02
6010,177.9
6011,126.35
6012,105.6
6013,163.49
6014,179.5
6015,82.89
6016,152.73
6017,172.63
6018,86.07
6019,100.86
6020,43.4
6021,149.27
6022,68.19
6023,110.21
6024,63.2
6025,48.66
6026,180.8
6027,97.74
6028,120.71
6029,26.68
6030,31.51
6031,182.21
6032,75.42
6033,25.66
6034,115.13
6035,177.73
6036,118.89
6037,49.17
6038,167.22
6039,31.06
6040,88.52
6041,198.85
6042,179.46
6043,15.05
6044,119.19
6045,103.97
6046,182.61
6047,108.53
6048,157.09
6049,149.8
6050,51.33
6051,188.83
6052,123.01
6053,153.8
6054,103.22
6055,56.96
6056,90.33
6057,175.75
6058,181.54
6059,98.85
6060,195.46
6061,36.92
6062,181.86
6063,22.95
6064,183.13
6065,69.5
6066,3.49
6067,66.08
6068,15.87
6069,56.66
6070,187.36
6071,115.39
6072,188.03
6073,182.32
6074,150.03
6075,11.25
6076,29.22
6077,63.94
6078,80.33
6079,69.4
6080,190.3
6081,96.06
6082,146.8
6083,127.32
6084,26.33
6085,89.44
6086,105.02
6087,198.08
6088,175.88
6089,15.61
6090,127.52
6091,108.23
6092,179.11
6093,157.16
6094,78.79
6095,169.33
6096,82.81
6097,111.92
6098,112.02
6099,161.62
6100,90.22
6101,197.27
6102,163.84
6103,162.16
6104,185.99
6105,94.33
6106,123.67
6107,23.3
6108,64.8
6109,11.28
6110,28.28
6111,64.34
6112,42.18
6113,94.01
6114,87.84
6115,5.83
6116,184.24
6117,108.16
6118,116.84
6119,4.02
6120,66.0
6121,115.28
6122,10.48
6123,14.17
6124,136.03
6125,20.72
6126,111.49
6127,109.54
6128,3.81
6129,158.6
6130,166.19
6131,175.05
6132,138.07
6133,130.17
6134,181.16
6135,137.32
6136,16.12
6137,175.93
6138,33.38
6139,76.65
6140,111.67
6141,2.5
6142,152.33
6143,75.04
6144,146.72
6145,107.82
6146,196.66
6147,105.2
6148,34.94
6149,55.92
6150,129.89
6151,169.55
6152,146.53
6153,180.97
6154,180.72
6155,189.17
6156,149.6
6157,187.45
6158,28.66
6159,2.51
6160,60.1
6161,43.9
6162,66.98
6163,8.71
6164,161.26
6165,26.02
6166,65.56
6167,131.48
6168,102.18
6169,87.58
6170,96.06
6171,131.82
6172,60.09
6173,170.02
6174,94.31
6175,67.83
6176,66.11
6177,192.35
6178,46.47
6179,72.77
6180,64.21
6181,74.53
6182,123.23
6183,85.85
6184,98.65
6185,143.06
6186,51.22
6187,189.41
6188,70.31
6189,185.55
6190,174.86
6191,168.66
6192,105.58
6193,15.27
6194,3.47
6195,82.56
6196,6.19
6197,88.58
6198,133.97
6199,143.45
6200,99.74
6201,18.46
6202,83.05
6203,110.62
6204,45.18
6205,117.42
6206,119.61
6207,14.09
6208,0.18
6209,95.36
6210,15.84
6211,107.02
6212,193.37
6213,12.91
6214,56.76
6215,86.85
6216,99.18
6217,192.59
6218,145.51
6219,46.51
6220,93.29
6221,110.02
6222,125.42
6223,150.76
6224,144.41
6225,110.56
6226,51.39
6227,29.88
6228,132.57
6229,33.78
6230,137.51
6231,28.12
6232,146.05
6233,47.48
6234,30.66
6235,33.2
6236,4.71
6237,73.07
6238,54.19
6239,42.7
6240,184.55
6241,119.52
6242,165.71
6243,53.26
6244,165.91
6245,62.08
6246,138.52
6247,75.11
6248,70.19
6249,11.08
6250,167.74
6251,167.06
6252,106.74
6253,104.63
6254,173.17
6255,85.4
6256,182.28
6257,78.45
6258,65.98
6259,119.68
6260,136.63
6261,26.96
6262,143.65
6263,20.62
6264,149.63
6265,165.19
6266,108.35
6267,104.53
6268,124.03
6269,172.24
6270,68.94
6271,180.34
6272,155.99
6273,18.14
6274,125.13
6275,129.62
6276,78.45
6277,14.16
6278,170.83
6279,62.8
6280,55.67
6281,137.0
6282,35.82
6283,182.7
6284,143.08
6285,42.88
6286,130.68
6287,181.71
6288,98.63
6289,63.54
6290,138.78
6291,165.11
6292,108.41
6293,190.46
6294,110.12
6295,30.62
6296,54.97
6297,79.3
6298,30.17
6299,179.93
6300,36.35
6301,199.84
6302,116.79
6303,125.97
6304,25.34
6305,134.17
6306,37.56
6307,96.97
6308,188.85
6309,134.08
6310,154.26
6311,148.37
6312,183.2
6313,6.11
6314,197.8
6315,20.94
6316,175.94
6317,122.58
6318,177.07
6319,19.41
6320,130.39
6321,103.91
6322,195.61
6323,0.37
6324,114.21
6325,61.06
6326,17.49
6327,142.28
6328,6.22
6329,45.43
6330,39.8
6331,97.75
6332,176.53
6333,69.19
6334,191.24
6335,127.56
6336,160.51
6337,63.95
6338,161.82
6339,47.83
6340,171.2
6341,95.3
6342,62.0
6343,168.07
6344,106.54
6345,177.28
6346,106.55
6347,88.42
6348,13.79
6349,98.8
6350,86.43
6351,109.82
6352,190.83
6353,196.97
6354,186.54
6355,140.09
6356,18.51
6357,190.28
6358,11.44
6359,139.6
6360,151.1
6361,2.23
6362,191.42
6363,22.3
6364,160.36
6365,0.53
6366,70.1
6367,60.67
6368,125.69
6369,85.25
6370,95.29
6371,103.3
6372,6.17
6373,45.71
6374,15.83
6375,127.77
6376,191.33
6377,60.32
6378,153.34
6379,2.45
6380,193.53
6381,86.18
6382,27.14
6383,3.5
6384,141.84
6385,68.21
6386,44.09
6387,95.16
6388,22.84
6389,173.76
6390,6.64
6391,112.28
6392,3.59
6393,144.63
6394,139.98
6395,153.51
6396,197.54
6397,30.86
6398,165.29
6399,77.62
6400,190.22
6401,109.56
6402,172.81
6403,190.49
6404,7.86
6405,68.11
6406,103.1
6407,77.8
6408,102.5
6409,105.09
6410,69.19
6411,106.39
6412,172.08
6413,150.54
6414,198.9
6415,101.05
6416,108.75
6417,70.78
6418,30.37
6419,28.65
6420,75.25
6421,124.9
6422,156.71
6423,155.32
6424,189.4
6425,60.81
6426,88.42
6427,78.44
6428,57.82
6429,173.67
6430,100.26
6431,137.8
6432,114.92
6433,9.29
6434,53.25
6435,158.97
6436,22.91
6437,55.66
6438,33.21
6439,142.31
6440,177.57
6441,182.55
6442,133.63
6443,36.04
6444,134.61
6445,163.7
6446,182.02
6447,150.99
6448,13.53
6449,105.84
6450,192.43
6451,120.63
6452,167.67
6453,2.68
6454,170.11
6455,169.3
6456,71.19
6457,177.7
6458,105.02
6459,35.89
6460,79.27
6461,82.41
6462,108.76
6463,161.72
6464,111.62
6465,76.62
6466,58.95
6467,195.96
6468,151.45
6469,149.63
6470,95.37
6471,112.65
6472,38.24
6473,95.24
6474,59.87
6475,47.69
6476,51.04
6477,160.41
6478,48.75
6479,48.42
6480,129.45
6481,115.65
6482,169.8
6483,62.21
6484,105.05
6485,163.53
6486,189.58
6487,142.77
6488,30.86
6489,30.2
6490,160.64
6491,135.55
6492,185.16
6493,156.21
6494,9.72
6495,96.27
6496,69.37
6497,10.2
6498,23.31
6499,64.79
6500,180.03
6501,159.16
6502,179.84
6503,90.83
6504,169.39
6505,160.57
6506,10.92
6507,164.87
6508,15.28
6509,141.19
6510,178.63
6511,113.07
6512,153.88
6513,158.66
6514,20.41
6515,152.76
6516,144.76
6517,105.78
6518,3.52
6519,159.28
6520,53.93
6521,108.45
6522,141.23
6523,27.49
6524,96.05
6525,90.58
6526,84.69
6527,4.35
6528,99.83
6529,46.9
6530,22.98
6531,105.75
6532,137.07
6533,191.0
6534,182.52
6535,3.03
6536,161.1
6537,44.14
6538,130.28
6539,40.89
6540,20.42
6541,84.39
6542,192.17
6543,58.51
6544,146.13
6545,191.5
6546,69.23
6547,185.65
6548,8.8
6549,83.61
6550,169.56
6551,128.03
6552,120.04
6553,96.87
6554,171.0
6555,128.72
6556,39.24
6557,156.92
6558,12.42
6559,169.96
6560,91.73
6561,97.78
6562,32.17
6563,133.35
6564,184.14
6565,164.17
6566,29.31
6567,127.76
6568,18.76
6569,180.03
6570,114.2
6571,111.84
6572,164.22
6573,68.77
6574,95.51
6575,46.63
6576,92.42
6577,168.68
6578,76.12
6579,70.79
6580,135.75
6581,37.41
6582,166.74
6583,147.17
6584,93.58
6585,192.1
6586,151.71
6587,144.99
6588,149.7
6589,112.01
6590,29.97
6591,122.78
6592,13.32
6593,20.64
6594,177.89
6595,71.3
6596,199.24
6597,150.43
6598,117.97
6599,40.04
6600,185.71
6601,34.56
6602,73.95
6603,8.1
6604,159.16
6605,158.69
6606,68.27
6607,97.67
6608,8.32
6609,191.96
6610,82.64
6611,104.41
6612,62.18
6613,101.3
6614,39.6
6615,0.15
6616,97.15
6617,106.96
6618,30.44
6619,184.35
6620,67.94
6621,146.14
6622,5.24
6623,16.23
6624,195.9
6625,195.41
6626,147.01
6627,173.68
6628,95.57
6629,68.73
6630,10.93
6631,26.33
6632,142.32
6633,84.92
6634,140.56
6635,42.05
6636,9.33
6637,63.45
6638,14.78
6639,132.72
6640,45.83
6641,87.24
6642,140.71
6643,72.01
6644,160.36
6645,163.24
6646,175.03
6647,107.25
6648,184.41
6649,8.83
6650,75.07
6651,103.17
6652,152.43
6653,179.74
6654,118.54
6655,87.0
6656,34.27
6657,100.87
6658,167.35
6659,58.93
6660,11.68
6661,170.27
6662,138.37
6663,61.43
6664,156.99
6665,188.99
6666,109.86
6667,123.01
6668,77.79
6669,34.65
6670,32.15
6671,122.01
6672,16.69
6673,133.28
6674,193.05
6675,195.16
6676,38.27
6677,46.17
6678,152.12
6679,65.28
6680,43.12
6681,121.02
6682,60.85
6683,95.15
6684,82.8
6685,5.65
6686,14.1
6687,132.58
6688,54.61
6689,145.76
6690,9.84
6691,10.44
6692,87.25
6693,158.53
6694,15.95
6695,65.18
6696,69.89
6697,121.93
6698,78.21
6699,80.5
6700,106.68
6701,38.4
6702,168.61
6703,83.08
6704,119.67
6705,4.11
6706,110.39
6707,7.77
6708,86.64
6709,156.52
6710,152.59
6711,120.3
6712,85.13
6713,57.56
6714,165.03
6715,173.6
6716,111.71
6717,165.41
6718,88.45
6719,131.51
6720,111.44
6721,169.11
6722,117.98
6723,18.27
6724,199.67
6725,156.71
6726,43.3
6727,120.64
6728,189.83
6729,46.43
6730,94.14
6731,184.63
6732,136.76
6733,72.3
6734,114.88
6735,118.04
6736,90.53
6737,138.74
6738,133.34
6739,198.43
6740,111.1
6741,6.65
6742,9.76
6743,66.98
6744,53.22
6745,35.35
6746,151.94
6747,178.57
6748,32.97
6749,1.39
6750,69.97
6751,37.3
6752,0.18
6753,158.24
6754,67.11
6755,170.58
6756,72.54
6757,184.63
6758,15.67
6759,107.69
6760,199.28
6761,178.71
6762,126.17
6763,197.61
6764,176.69
6765,176.8
6766,31.09
6767,182.89
6768,16.56
6769,30.19
6770,66.6
6771,119.32
6772,106.35
6773,38.28
6774,6.02
6775,42.61
6776,54.12
6777,59.47
6778,172.68
6779,186.87
6780,82.56
6781,38.8
6782,196.48
6783,76.13
6784,154.98
6785,97.2
6786,172.98
6787,62.72
6788,187.1
6789,155.44
6790,34.29
6791,35.44
6792,64.8
6793,19.34
6794,23.83
6795,172.46
6796,176.95
6797,118.75
6798,86.54
6799,74.93
6800,130.8
6801,116.38
6802,70.04
6803,79.11
6804,192.88
6805,96.1
6806,26.54
6807,161.61
6808,127.37
6809,119.88
6810,113.48
6811,122.26
6812,35.16
6813,86.46
6814,95.87
6815,59.28
6816,76.37
6817,61.62
6818,170.86
6819,130.87
6820,184.83
6821,155.4
6822,191.53
6823,42.58
6824,198.22
6825,23.74
6826,118.2
6827,148.65
6828,3.06
6829,118.63
6830,26.58
6831,13.43
6832,35.06
6833,135.63
6834,141.96
6835,38.39
6836,58.4
6837,104.96
6838,127.11
6839,15.52
6840,62.14
6841,155.02
6842,162.7
6843,178.57
6844,138.35
6845,98.62
6846,133.49
6847,41.55
6848,148.27
6849,13.18
6850,141.66
6851,22.62
6852,11.02
6853,59.76
6854,2.85
6855,82.08
6856,126.31
6857,42.63
6858,106.19
6859,119.21
6860,43.29
6861,157.19
6862,93.3
6863,39.44
6864,171.68
6865,190.17
6866,181.02
6867,196.4
6868,109.8
6869,6.07
6870,53.47
6871,122.86
6872,65.28
6873,103.03
6874,27.11
6875,18.77
6876,24.07
6877,44.76
6878,107.14
6879,78.56
6880,87.72
6881,150.25
6882,5.27
6883,168.15
6884,9.55
6885,186.48
6886,180.37
6887,16.38
6888,18.84
6889,34.69
6890,174.63
6891,64.5
6892,81.31
6893,182.21
6894,89.62
6895,104.07
6896,57.91
6897,142.49
6898,137.63
6899,9.14
6900,141.71
6901,86.36
6902,66.66
6903,106.69
6904,170.56
6905,24.68
6906,103.2
6907,87.9
6908,4.91
6909,37.48
6910,170.51
6911,4.76
6912,30.26
6913,168.34
6914,96.48
6915,188.6
6916,18.32
6917,172.62
6918,171.52
6919,117.17
6920,67.04
6921,145.55
6922,199.33
6923,178.66
6924,98.84
6925,59.88
6926,41.87
6927,198.62
6928,186.27
6929,173.81
6930,116.86
6931,134.65
6932,132.54
6933,158.81
6934,111.85
6935,146.36
6936,119.01
6937,178.75
6938,154.63
6939,30.63
6940,154.66
6941,117.4
6942,179.03
6943,148.48
6944,12.88
6945,127.96
6946,51.77
6947,144.45
6948,103.76
6949,63.58
6950,25.88
6951,76.51
6952,182.33
6953,177.53
6954,36.19
6955,117.98
6956,63.07
6957,171.7
6958,193.54
6959,137.95
6960,69.96
6961,49.38
6962,105.32
6963,102.48
6964,65.84
6965,184.61
6966,69.9
6967,50.51
6968,64.1
6969,34.07
6970,73.88
6971,79.14
6972,87.34
6973,41.25
6974,46.5
6975,141.27
6976,117.28
6977,46.9
6978,98.55
6979,145.36
6980,63.09
6981,41.03
6982,126.14
6983,32.39
6984,89.2
6985,106.48
6986,163.98
6987,10.31
6988,64.66
6989,22.16
6990,150.0
6991,66.19
6992,54.77
6993,130.06
6994,172.16
6995,177.34
6996,108.8
6997,27.69
6998,27.81
6999,185.32
7000,108.24
7001,192.67
7002,118.9
7003,92.44
7004,25.47
7005,104.6
7006,163.33
7007,165.87
7008,179.69
7009,51.07
7010,54.21
7011,71.49
7012,126.15
7013,11.15
7014,148.88
7015,130.32
7016,32.41
7017,181.82
7018,51.9
7019,164.36
7020,128.03
7021,107.34
7022,189.08
7023,159.92
7024,60.47
7025,49.06
7026,69.91
7027,19.32
7028,75.85
7029,16.85
7030,91.19
7031,168.7
7032,25.77
7033,76.95
7034,93.59
7035,103.16
7036,92.39
7037,146.82
7038,136.69
7039,99.73
7040,62.66
7041,168.04
7042,107.25
7043,171.79
7044,77.8
7045,116.26
7046,31.6
7047,67.14
7048,43.6
7049,116.2
7050,156.68
7051,124.89
7052,151.66
7053,56.1
7054,32.98
7055,98.43
7056,114.7
7057,164.08
7058,159.75
7059,21.88
7060,58.2
7061,87.3
7062,150.06
7063,10.32
7064,48.69
7065,45.28
7066,114.85
7067,139.09
7068,29.51
7069,158.62
7070,59.96
7071,140.69
7072,36.13
7073,14.83
7074,153.36
7075,68.97
7076,139.24
7077,175.54
7078,185.33
7079,185.83
7080,92.35
7081,179.93
7082,165.83
7083,114.71
7084,127.58
7085,50.49
7086,151.02
7087,103.95
7088,48.48
7089,168.59
7090,168.5
7091,79.67
7092,163.08
7093,84.63
7094,64.43
7095,45.11
7096,88.28
7097,92.49
7098,13.02
7099,132.76
7100,152.86
7101,185.22
7102,7.79
7103,160.73
7104,48.17
7105,48.44
7106,116.31
7107,47.14
7108,96.01
7109,198.0
7110,121.96
7111,172.69
7112,133.31
7113,4.09
7114,89.18
7115,13.26
7116,182.66
7117,160.94
7118,195.85
7119,133.29
7120,15.74
7121,117.65
7122,39.84
7123,173.85
7124,57.76
7125,52.82
7126,62.78
7127,52.27
7128,128.7
7129,69.35
7130,130.56
7131,48.35
7132,197.67
7133,34.35
7134,42.29
7135,36.7
7136,140.06
7137,198.7
7138,195.46
7139,31.63
7140,173.67
7141,85.81
7142,147.42
7143,142.64
7144,110.54
7145,42.51
7146,85.8
7147,168.14
7148,10.22
7149,13.77
7150,144.83
7151,185.4
7152,22.16
7153,6.78
7154,94.52
7155,57.21
7156,155.22
7157,104.49
7158,72.46
7159,84.19
7160,116.91
7161,6.16
7162,162.96
7163,153.92
7164,104.88
7165,92.24
7166,19.27
7167,60.9
7168,148.29
7169,1.4
7170,189.99
7171,44.94
7172,76.65
7173,142.98
7174,122.34
7175,147.85
7176,26.46
7177,35.75
7178,57.53
7179,121.06
7180,192.07
7181,199.18
7182,53.36
7183,26.78
7184,112.38
7185,46.34
7186,172.81
7187,136.2
7188,65.67
7189,139.81
7190,86.25
7191,11.1
7192,77.77
7193,149.8
7194,121.74
7195,192.72
7196,17.99
7197,73.47
7198,97.0
7199,168.93
7200,138.11
7201,34.34
7202,6.38
7203,98.73
7204,25.53
7205,142.82
7206,95.98
7207,132.73
7208,109.5
7209,104.84
7210,33.51
7211,150.96
7212,60.1
7213,19.95
7214,176.88
7215,114.26
7216,158.75
7217,96.72
7218,107.44
7219,59.75
7220,78.57
7221,160.23
7222,65.16
7223,69.71
7224,119.24
7225,154.56
7226,29.92
7227,188.25
7228,99.85
7229,40.45
7230,161.58
7231,68.99
7232,8.02
7233,149.74
7234,5.1
7235,85.3
7236,6.15
7237,26.65
7238,7.35
7239,114.57
7240,118.53
7241,185.1
7242,19.96
7243,179.34
7244,126.76
7245,74.22
7246,181.4
7247,151.23
7248,103.66
7249,82.34
7250,108.57
7251,147.15
7252,78.01
7253,195.58
7254,39.23
7255,62.26
7256,197.24
7257,195.11
7258,126.05
7259,144.25
7260,155.54
7261,73.2
7262,192.56
7263,79.18
7264,157.21
7265,174.36
7266,128.68
7267,55.04
7268,140.97
7269,166.12
7270,97.37
7271,120.11
7272,177.18
7273,33.51
7274,132.95
7275,57.69
7276,93.94
7277,108.42
7278,54.97
7279,6.91
7280,189.47
7281,15.92
7282,79.71
7283,119.36
7284,129.24
7285,50.93
7286,3.09
7287,32.5
7288,104.27
7289,4.84
7290,28.85
7291,115.41
7292,123.36
7293,157.17
7294,93.2
7295,192.78
7296,176.11
7297,112.47
7298,107.2
7299,137.41
7300,109.44
7301,82.31
7302,128.18
7303,178.85
7304,120.43
7305,173.21
7306,71.88
7307,171.26
7308,190.15
7309,151.68
7310,174.0
7311,170.31
7312,163.84
7313,44.39
7314,134.33
7315,26.79
7316,173.82
7317,192.81
7318,106.25
7319,83.99
7320,33.86
7321,165.67
7322,199.16
7323,71.42
7324,9.0
7325,182.69
7326,196.07
7327,22.93
7328,116.41
7329,137.61
7330,165.17
7331,3.04
7332,131.25
7333,90.94
7334,145.6
7335,25.73
7336,132.94
7337,28.75
7338,139.74
7339,51.43
7340,46.68
7341,116.58
7342,6.81
7343,23.18
7344,96.62
7345,140.04
7346,117.23
7347,109.01
7348,2.9
7349,198.71
7350,162.69
7351,135.18
7352,75.43
7353,6.91
7354,181.21
7355,109.86
7356,104.84
7357,184.88
7358,18.24
7359,189.0
7360,6.67
7361,89.54
7362,121.72
7363,181.71
7364,11.2
7365,199.61
7366,63.11
7367,71.78
7368,42.27
7369,140.75
7370,167.9
7371,166.31
7372,61.23
7373,37.92
7374,192.7
7375,109.83
7376,121.56
7377,9.0
7378,119.43
7379,155.02
7380,110.24
7381,24.78
7382,106.09
7383,112.49
7384,194.65
7385,12.05
7386,112.82
7387,95.63
7388,51.14
7389,114.77
7390,129.16
7391,3.77
7392,64.2
7393,136.07
7394,62.74
7395,2.43
7396,112.25
7397,49.86
7398,101.77
7399,144.47
7400,149.38
7401,90.05
7402,164.72
7403,179.99
7404,39.68
7405,120.17
7406,10.19
7407,34.38
7408,185.78
7409,36.67
7410,188.48
7411,91.49
7412,81.5
7413,106.22
7414,133.03
7415,85.24
7416,129.56
7417,68.13
7418,194.61
7419,11.05
7420,92.02
7421,61.47
7422,159.46
7423,164.31
7424,64.04
7425,92.84
7426,53.19
7427,96.01
7428,132.44
7429,163.49
7430,168.38
7431,81.94
7432,190.62
7433,148.82
7434,56.94
7435,95.7
7436,4.91
7437,77.95
7438,185.09
7439,160.4
7440,147.18
7441,133.57
7442,33.54
7443,163.54
7444,142.75
7445,133.77
7446,171.22
7447,11.08
7448,154.12
7449,94.09
7450,143.13
7451,82.8
7452,13.73
7453,37.13
7454,13.73
7455,61.79
7456,104.48
7457,39.72
7458,113.02
7459,34.8
7460,153.67
7461,148.25
7462,191.51
7463,191.01
7464,61.92
7465,73.66
7466,81.45
7467,191.93
7468,74.99
7469,122.14
7470,88.06
7471,112.46
7472,194.31
7473,177.52
7474,185.19
7475,186.28
7476,189.25
7477,49.8
7478,145.34
7479,73.24
7480,28.79
7481,92.95
7482,140.37
7483,17.74
7484,124.09
7485,187.28
7486,117.61
7487,30.05
7488,59.6
7489,154.41
7490,142.99
7491,158.94
7492,92.46
7493,194.08
7494,0.47
7495,112.13
7496,72.04
7497,69.58
7498,0.33
7499,50.01
7500,9.16
7501,90.03
7502,163.06
7503,53.01
7504,136.86
7505,13.17
7506,55.78
7507,186.51
7508,145.73
7509,167.54
7510,55.17
7511,36.59
7512,98.44
7513,119.15
7514,20.68
7515,163.51
7516,120.01
7517,177.1
7518,94.15
7519,181.96
7520,180.9
7521,38.85
7522,92.02
7523,196.02
7524,190.43
7525,74.77
7526,21.12
7527,66.42
7528,38.12
7529,122.3
7530,13.85
7531,36.65
7532,163.26
7533,59.58
7534,186.03
7535,30.45
7536,173.03
7537,187.59
7538,186.38
7539,143.99
7540,5.22
7541,165.84
7542,86.0
7543,36.32
7544,154.76
7545,43.9
7546,170.47
7547,2.11
7548,20.95
7549,29.14
7550,79.9
7551,107.51
7552,39.88
7553,130.12
7554,120.44
7555,58.63
7556,186.0
7557,114.7
7558,95.16
7559,86.16
7560,58.72
7561,93.81
7562,62.15
7563,52.3
7564,96.15
7565,26.78
7566,59.92
7567,72.39
7568,46.07
7569,43.46
7570,199.7
7571,129.56
7572,27.92
7573,76.36
7574,69.99
7575,60.9
7576,66.75
7577,82.78
7578,109.57
7579,114.27
7580,105.61
7581,106.16
7582,43.55
7583,150.16
7584,140.75
7585,145.71
7586,41.45
7587,73.97
7588,114.97
7589,41.66
7590,92.58
7591,15.72
7592,162.47
7593,23.88
7594,161.01
7595,97.63
7596,95.05
7597,25.55
7598,76.96
7599,60.21
7600,187.45
7601,27.91
7602,115.22
7603,80.22
7604,138.02
7605,148.36
7606,0.77
7607,42.66
7608,108.78
7609,8.09
7610,146.77
7611,55.71
7612,116.11
7613,55.06
7614,5.15
7615,181.36
7616,188.53
7617,68.55
7618,5.19
7619,7.52
7620,156.4
7621,62.67
7622,12.52
7623,25.88
7624,186.75
7625,155.1
7626,102.46
7627,194.74
7628,156.07
7629,44.25
7630,95.67
7631,108.69
7632,187.74
7633,162.15
7634,74.62
7635,93.29
7636,186.02
7637,187.45
7638,91.32
7639,78.39
7640,5.7
7641,183.6
7642,147.45
7643,187.9
7644,63.56
7645,57.93
7646,88.54
7647,47.04
7648,63.72
7649,124.87
7650,28.5
7651,168.19
7652,132.72
7653,122.74
7654,149.46
7655,122.42
7656,87.76
7657,70.16
7658,106.57
7659,34.92
7660,22.28
7661,54.42
7662,121.33
7663,18.84
7664,169.98
7665,190.6
7666,187.74
7667,182.58
7668,63.81
7669,170.02
7670,8.53
7671,122.32
7672,175.04
7673,26.91
7674,91.16
7675,160.15
7676,48.83
7677,148.7
7678,73.27
7679,27.0
7680,15.13
7681,55.93
7682,157.81
7683,127.92
7684,151.95
7685,143.57
7686,110.37
7687,47.83
7688,55.29
7689,42.89
7690,187.47
7691,14.36
7692,175.65
7693,185.48
7694,174.26
7695,182.95
7696,7.2
7697,8.63
7698,132.61
7699,7.34
7700,104.22
7701,109.43
7702,89.13
7703,20.48
7704,46.01
7705,6.87
7706,136.38
7707,29.22
7708,193.33
7709,190.37
7710,70.23
7711,65.59
7712,68.66
7713,0.33
7714,66.32
7715,46.5
7716,75.16
7717,0.33
7718,186.24
7719,184.06
7720,30.9
7721,30.25
7722,154.2
7723,149.21
7724,68.26
7725,38.22
7726,122.62
7727,77.15
7728,197.85
7729,159.5
7730,42.33
7731,118.11
7732,68.81
7733,1.0
7734,69.3
7735,65.08
7736,191.5
7737,161.39
7738,73.22
7739,66.95
7740,77.53
7741,132.17
7742,145.23
7743,15.28
7744,83.24
7745,81.4
7746,77.23
7747,53.14
7748,124.55
7749,39.1
7750,92.56
7751,65.64
7752,55.67
7753,87.83
7754,95.56
7755,90.28
7756,108.58
7757,140.43
7758,131.4
7759,138.11
7760,69.33
7761,95.63
7762,75.83
7763,0.01
7764,182.2
7765,61.7
7766,173.8
7767,25.39
7768,59.19
7769,80.65
7770,190.07
7771,156.77
7772,154.5
7773,143.13
7774,179.34
7775,11.2
7776,64.18
7777,125.76
7778,39.79
7779,177.85
7780,114.38
7781,44.17
7782,15.48
7783,107.1
7784,113.43
7785,150.25
7786,40.48
7787,140.98
7788,113.45
7789,57.86
7790,80.95
7791,116.79
7792,95.6
7793,55.83
7794,138.67
7795,4.84
7796,93.75
7797,169.69
7798,116.45
7799,193.07
7800,5.39
7801,0.9
7802,63.6
7803,189.3
7804,178.41
7805,174.34
7806,126.74
7807,104.69
7808,16.97
7809,34.01
7810,117.52
7811,104.61
7812,72.42
7813,91.07
7814,28.17
7815,18.73
7816,72.34
7817,13.03
7818,109.59
7819,122.43
7820,134.83
7821,76.73
7822,137.0
7823,57.6
7824,43.5
7825,3.91
7826,102.24
7827,80.28
7828,88.22
7829,116.06
7830,113.06
7831,103.44
7832,188.75
7833,175.99
7834,166.3
7835,32.98
7836,62.5
7837,12.13
7838,89.64
7839,176.91
7840,38.29
7841,71.62
7842,41.78
7843,76.86
7844,71.91
7845,168.66
7846,103.15
7847,115.34
7848,133.7
7849,126.74
7850,150.12
7851,121.25
7852,184.67
7853,161.69
7854,171.9
7855,18.67
7856,12.01
7857,17.1
7858,100.59
7859,194.2
7860,50.91
7861,146.81
7862,57.18
7863,18.92
7864,1.41
7865,48.34
7866,77.17
7867,15.99
7868,73.95
7869,136.07
7870,0.82
7871,142.28
7872,82.18
7873,38.08
7874,57.08
7875,163.24
7876,174.34
7877,111.51
7878,52.48
7879,107.31
7880,149.85
7881,16.32
7882,16.47
7883,4.44
7884,164.63
7885,181.33
7886,115.68
7887,31.96
7888,155.32
7889,186.69
7890,110.4
7891,166.86
7892,53.77
7893,17.57
7894,99.31
7895,0.84
7896,189.51
7897,41.45
7898,41.05
7899,107.34
7900,193.76
7901,148.02
7902,68.1
7903,0.86
7904,17.09
7905,3.34
7906,36.45
7907,162.72
7908,186.34
7909,22.43
7910,194.3
7911,199.01
7912,112.61
7913,58.19
7914,190.24
7915,56.42
7916,83.29
7917,115.69
7918,69.27
7919,112.47
7920,102.11
7921,2.22
7922,108.07
7923,162.2
7924,68.01
7925,167.05
7926,125.02
7927,61.13
7928,134.33
7929,21.91
7930,189.0
7931,37.08
7932,195.24
7933,110.6
7934,97.64
7935,179.75
7936,40.39
7937,56.2
7938,170.8
7939,149.18
7940,137.78
7941,74.09
7942,160.83
7943,173.71
7944,132.41
7945,49.61
7946,94.8
7947,107.2
7948,174.08
7949,168.97
7950,144.3
7951,161.63
7952,69.26
7953,102.28
7954,171.88
7955,180.72
7956,168.81
7957,1.81
7958,185.01
7959,128.49
7960,11.67
7961,95.33
7962,180.09
7963,47.71
7964,187.19
7965,168.19
7966,194.66
7967,51.39
7968,165.08
7969,83.34
7970,6.63
7971,192.86
7972,60.87
7973,26.64
7974,143.73
7975,191.11
7976,44.59
7977,128.06
7978,30.41
7979,91.36
7980,19.75
7981,196.91
7982,53.27
7983,189.85
7984,128.12
7985,197.91
7986,177.24
7987,193.58
7988,148.72
7989,109.65
7990,142.98
7991,135.55
7992,167.77
7993,154.34
7994,44.23
7995,143.79
7996,15.46
7997,35.68
7998,38.95
7999,190.65
8000,54.19
8001,169.39
8002,106.91
8003,178.62
8004,90.0
8005,174.5
8006,123.91
8007,54.26
8008,137.56
8009,100.11
8010,49.13
8011,121.19
8012,152.44
8013,94.4
8014,186.94
8015,117.34
8016,183.38
8017,134.21
8018,131.58
8019,50.79
8020,60.41
8021,134.54
8022,123.41
8023,65.56
8024,155.06
8025,87.0
8026,166.0
8027,47.37
8028,63.39
8029,178.91
8030,41.27
8031,149.99
8032,136.29
8033,99.79
8034,126.73
8035,140.76
8036,94.38
8037,89.44
8038,12.66
8039,41.26
8040,3.81
8041,63.91
8042,160.77
8043,74.22
8044,154.99
8045,90.32
8046,138.98
8047,88.5
8048,196.05
8049,118.4
8050,7.26
8051,48.65
8052,196.36
8053,97.56
8054,179.35
8055,103.98
8056,102.42
8057,153.48
8058,24.25
8059,171.31
8060,19.57
8061,45.48
8062,129.91
8063,156.88
8064,43.2
8065,14.17
8066,112.86
8067,23.97
8068,47.61
8069,128.12
8070,119.69
8071,60.16
8072,67.25
8073,21.51
8074,165.67
8075,93.15
8076,43.09
8077,103.44
8078,166.54
8079,193.05
8080,179.38
8081,122.89
8082,165.58
8083,3.82
8084,183.35
8085,52.54
8086,146.32
8087,184.36
8088,183.53
8089,125.44
8090,92.57
8091,106.71
8092,35.6
8093,64.64
8094,168.87
8095,77.57
8096,44.78
8097,75.84
8098,164.89
8099,38.87
8100,70.66
8101,179.54
8102,141.08
8103,126.37
8104,154.16
8105,131.15
8106,92.68
8107,70.34
8108,171.7
8109,26.46
8110,133.47
8111,54.08
8112,51.95
8113,35.25
8114,191.36
8115,36.04
8116,114.21
8117,122.15
8118,62.57
8119,164.55
8120,141.07
8121,106.62
8122,189.75
8123,65.87
8124,193.89
8125,76.01
8126,39.61
8127,62.49
8128,65.24
8129,170.78
8130,194.61
8131,156.46
8132,125.98
8133,124.73
8134,147.48
8135,111.9
8136,126.57
8137,54.44
8138,24.57
8139,27.06
8140,160.37
8141,32.46
8142,58.83
8143,52.34
8144,13.1
8145,146.64
8146,160.3
8147,59.27
8148,136.55
8149,148.92
8150,75.05
8151,170.83
8152,16.11
8153,149.28
8154,142.35
8155,130.67
8156,24.14
8157,139.21
8158,176.85
8159,34.68
8160,194.08
8161,28.67
8162,153.47
8163,145.24
8164,26.29
8165,115.62
8166,164.16
8167,176.24
8168,5.95
8169,64.29
8170,179.91
8171,102.93
8172,141.95
8173,81.12
8174,45.48
8175,44.92
8176,6.89
8177,120.3
8178,131.56
8179,19.1
8180,132.62
8181,86.29
8182,154.5
8183,61.49
8184,83.36
8185,99.43
8186,98.96
8187,60.64
8188,22.42
8189,197.55
8190,103.63
8191,122.37
8192,65.49
8193,171.05
8194,121.99
8195,199.91
8196,126.59
8197,126.56
8198,136.46
8199,41.31
8200,64.57
8201,166.11
8202,145.99
8203,171.75
8204,171.84
8205,3.1
8206,157.1
8207,132.01
8208,141.83
8209,101.13
8210,35.62
8211,78.58
8212,20.85
8213,153.73
8214,54.41
8215,89.89
8216,70.58
8217,52.38
8218,108.5
8219,81.51
8220,198.95
8221,7.55
8222,152.1
8223,134.71
8224,115.27
8225,89.05
8226,41.29
8227,165.75
8228,155.34
8229,73.51
8230,93.88
8231,0.37
8232,126.17
8233,146.81
8234,38.72
8235,189.8
8236,154.7
8237,78.89
8238,66.89
8239,150.02
8240,132.6
8241,12.85
8242,116.68
8243,114.01
8244,177.14
8245,105.56
8246,122.02
8247,25.68
8248,12.2
8249,7.23
8250,139.42
8251,24.06
8252,27.31
8253,68.94
8254,33.61
8255,195.74
8256,132.68
8257,186.25
8258,170.74
8259,129.07
8260,122.37
8261,103.93
8262,131.25
8263,162.34
8264,188.97
8265,34.94
8266,181.07
8267,107.37
8268,0.69
8269,153.52
8270,165.74
8271,154.79
8272,49.92
8273,113.55
8274,185.41
8275,163.77
8276,155.2
8277,55.87
8278,93.62
8279,45.04
8280,159.51
8281,33.2
8282,99.68
8283,79.94
8284,97.7
8285,34.88
8286,145.55
8287,138.34
8288,93.13
8289,28.69
8290,27.18
8291,164.77
8292,187.62
8293,26.35
8294,63.53
8295,41.65
8296,87.6
8297,159.2
8298,192.95
8299,191.13
8300,5.12
8301,184.72
8302,79.69
8303,31.91
8304,161.98
8305,98.73
8306,165.08
8307,193.89
8308,52.78
8309,140.7
8310,24.05
8311,72.49
8312,33.77
8313,168.17
8314,173.92
8315,9.73
8316,124.59
8317,92.15
8318,75.36
8319,119.8
8320,17.47
8321,85.53
8322,100.42
8323,86.4
8324,150.38
8325,189.35
8326,1.73
8327,196.3
8328,50.21
8329,141.9
8330,181.36
8331,158.96
8332,75.24
8333,158.68
8334,10.09
8335,106.78
8336,145.23
8337,158.68
8338,74.11
8339,29.57
8340,1.77
8341,140.06
8342,89.4
8343,123.11
8344,78.48
8345,160.28
8346,149.86
8347,1.24
8348,57.95
8349,177.3
8350,63.59
8351,4.4
8352,103.65
8353,175.82
8354,195.37
8355,162.49
8356,50.44
8357,136.79
8358,105.53
8359,178.5
8360,180.33
8361,5.54
8362,23.02
8363,176.34
8364,179.77
8365,146.11
8366,130.29
8367,115.84
8368,135.94
8369,180.91
8370,153.98
8371,92.42
8372,183.89
8373,108.85
8374,149.18
8375,124.82
8376,114.04
8377,92.38
8378,93.39
8379,117.55
8380,62.84
8381,170.11
8382,193.43
8383,6.76
8384,126.3
8385,197.81
8386,21.49
8387,59.16
8388,0.25
8389,52.84
8390,147.03
8391,111.6
8392,61.48
8393,19.43
8394,106.78
8395,103.61
8396,130.23
8397,60.38
8398,50.59
8399,167.66
8400,197.42
8401,165.81
8402,121.58
8403,179.91
8404,150.85
8405,182.82
8406,167.82
8407,48.72
8408,100.8
8409,160.08
8410,152.33
8411,151.87
8412,115.09
8413,69.81
8414,10.8
8415,22.6
8416,97.53
8417,91.3
8418,25.44
8419,52.28
8420,176.19
8421,75.16
8422,56.62
8423,55.77
8424,106.42
8425,76.43
8426,119.98
8427,179.05
8428,4.49
8429,158.01
8430,138.39
8431,30.76
8432,159.25
8433,34.82
8434,94.89
8435,87.64
8436,151.2
8437,189.81
8438,81.95
8439,31.12
8440,175.4
8441,179.2
8442,75.51
8443,54.47
8444,113.53
8445,61.27
8446,95.18
8447,73.81
8448,40.49
8449,89.71
8450,25.89
8451,56.64
8452,190.92
8453,181.68
8454,97.72
8455,38.1
8456,199.72
8457,161.45
8458,196.94
8459,159.55
8460,77.03
8461,29.64
8462,172.81
8463,100.58
8464,156.45
8465,174.19
8466,162.34
8467,89.08
8468,127.72
8469,84.98
8470,41.43
8471,106.91
8472,141.8
8473,171.81
8474,154.26
8475,135.98
8476,91.06
8477,179.93
8478,63.44
8479,139.12
8480,128.92
8481,107.06
8482,67.04
8483,133.74
8484,183.59
8485,191.08
8486,191.08
8487,177.43
8488,117.35
8489,118.18
8490,93.42
8491,118.66
8492,132.81
8493,101.7
8494,147.91
8495,60.26
8496,158.62
8497,138.98
8498,64.78
8499,116.49
8500,45.61
8501,158.97
8502,73.37
8503,41.27
8504,70.07
8505,46.92
8506,192.94
8507,108.4
8508,37.71
8509,194.1
8510,156.8
8511,177.9
8512,148.51
8513,174.83
8514,129.96
8515,129.65
8516,22.68
8517,141.16
8518,69.99
8519,16.5
8520,170.01
8521,191.93
8522,89.33
8523,143.06
8524,82.89
8525,144.85
8526,95.96
8527,94.23
8528,146.11
8529,156.28
8530,167.91
8531,13.27
8532,158.46
8533,42.25
8534,189.98
8535,17.78
8536,27.2
8537,125.32
8538,174.72
8539,156.4
8540,157.88
8541,137.0
8542,25.22
8543,68.01
8544,135.06
8545,179.25
8546,98.43
8547,170.06
8548,17.68
8549,96.61
8550,22.33
8551,25.22
8552,51.92
8553,149.7
8554,180.78
8555,26.04
8556,46.08
8557,134.23
8558,92.15
8559,57.06
8560,168.67
8561,59.91
8562,197.53
8563,20.51
8564,127.45
8565,108.58
8566,41.07
8567,183.7
8568,62.44
8569,46.04
8570,14.58
8571,85.08
8572,167.25
8573,9.57
8574,96.92
8575,80.55
8576,155.46
8577,174.09
8578,79.97
8579,159.44
8580,105.86
8581,55.05
8582,48.46
8583,174.28
8584,87.34
8585,135.13
8586,140.54
8587,128.13
8588,143.31
8589,134.38
8590,63.57
8591,120.53
8592,23.89
8593,120.85
8594,114.63
8595,67.72
8596,165.98
8597,71.35
8598,110.68
8599,179.12
8600,116.17
8601,186.86
8602,40.77
8603,14.84
8604,74.89
8605,27.0
8606,97.17
8607,172.15
8608,81.65
8609,133.36
8610,71.87
8611,185.48
8612,56.91
8613,96.96
8614,16.11
8615,131.96
8616,55.98
8617,88.75
8618,124.83
8619,191.41
8620,170.53
8621,23.98
8622,151.29
8623,36.04
8624,28.47
8625,117.79
8626,33.0
8627,93.9
8628,88.26
8629,29.53
8630,110.91
8631,179.51
8632,73.65
8633,112.67
8634,119.52
8635,116.8
8636,31.0
8637,145.21
8638,49.2
8639,67.79
8640,55.04
8641,107.34
8642,36.66
8643,90.55
8644,55.18
8645,120.91
8646,135.71
8647,98.21
8648,50.44
8649,170.66
8650,114.51
8651,23.59
8652,85.21
8653,164.06
8654,126.67
8655,76.88
8656,150.51
8657,115.91
8658,164.14
8659,73.16
8660,189.52
8661,9.33
8662,158.5
8663,85.21
8664,161.65
8665,70.82
8666,195.07
8667,110.71
8668,66.99
8669,109.29
8670,154.73
8671,101.18
8672,79.28
8673,143.17
8674,121.51
8675,114.95
8676,151.88
8677,11.07
8678,60.49
8679,48.76
8680,193.75
8681,173.91
8682,113.81
8683,126.82
8684,5.51
8685,168.99
8686,160.91
8687,145.56
8688,91.53
8689,34.63
8690,116.27
8691,19.33
8692,76.13
8693,139.33
8694,125.4
8695,118.62
8696,124.36
8697,124.1
8698,126.53
8699,89.9
8700,91.3
8701,198.09
8702,55.57
8703,46.24
8704,36.66
8705,71.91
8706,120.61
8707,178.78
8708,33.8
8709,75.07
8710,67.66
8711,22.89
8712,25.78
8713,133.09
8714,96.79
8715,27.55
8716,129.41
8717,191.99
8718,26.14
8719,18.01
8720,165.39
8721,154.61
8722,167.53
8723,53.87
8724,144.38
8725,155.33
8726,94.22
8727,86.35
8728,62.75
8729,193.2
8730,144.09
8731,75.9
8732,72.71
8733,155.68
8734,93.33
8735,166.65
8736,162.87
8737,3.99
8738,56.82
8739,163.01
8740,188.63
8741,101.13
8742,34.62
8743,103.03
8744,127.63
8745,80.75
8746,183.13
8747,74.07
8748,45.33
8749,57.11
8750,37.66
8751,185.02
8752,151.43
8753,30.16
8754,150.5
8755,8.38
8756,93.07
8757,139.44
8758,182.24
8759,157.66