cfips,ba,county,state,latitude,longitude,wkt,geometry
48011,p48,armstrong,TX,34.9658,-101.3572,POINT (-101.3572 34.9658),POINT (-487559.33300027536 -433382.1510772133)
48017,p48,bailey,TX,34.0706,-102.8295,POINT (-102.8295 34.0706),POINT (-628759.1301314662 -523459.53543481464)
48065,p48,carson,TX,35.3997,-101.3546,POINT (-101.3546 35.3997),POINT (-484498.4021791118 -385340.3698926464)
48069,p48,castro,TX,34.5304,-102.2618,POINT (-102.2618 34.5304),POINT (-573080.6405216663 -476326.4057089585)
48079,p48,cochran,TX,33.6054,-102.8284,POINT (-102.8284 33.6054),POINT (-632517.593218846 -574922.3623689888)
48087,p48,collingsworth,TX,34.9674,-100.2701,POINT (-100.2701 34.9674),POINT (-388695.33623681596 -438427.04808452557)
48111,p48,dallam,TX,36.2673,-102.6022,POINT (-102.6022 36.2673),POINT (-590243.6735213058 -281928.60687282356)
48117,p48,deaf smith,TX,34.9635,-102.6051,POINT (-102.6051 34.9635),POINT (-600969.5757906319 -426189.94559895975)
48129,p48,donley,TX,34.9669,-100.8141,POINT (-100.8141 34.9669),POINT (-438173.73233012395 -436016.50064579665)
48153,p48,floyd,TX,34.069,-101.303,POINT (-101.303 34.069),POINT (-488413.2047382038 -532985.9015483654)
48165,p48,gaines,TX,32.7355,-102.6352,POINT (-102.6352 32.7355),POINT (-621665.934991544 -672466.541622611)
48169,p48,garza,TX,33.1798,-101.298,POINT (-101.298 33.1798),POINT (-493678.7835676669 -631472.4279415646)
48179,p48,gray,TX,35.3987,-100.8124,POINT (-100.8124 35.3987),POINT (-435492.5823748738 -388185.7268811632)
48189,p48,hale,TX,34.068,-101.8263,POINT (-101.8263 34.068),POINT (-536554.359478465 -530156.2563228315)
48195,p48,hansford,TX,36.2744,-101.3546,POINT (-101.3546 36.2744),POINT (-478803.5861185591 -288454.22735387244)
48205,p48,hartley,TX,35.852,-102.602,POINT (-102.602 35.852),POINT (-593558.5243348998 -327891.00170308334)
48211,p48,hemphill,TX,35.8244,-100.2707,POINT (-100.2707 35.8244),POINT (-384299.2553911699 -343446.3030109238)
48219,p48,hockley,TX,33.6124,-102.3431,POINT (-102.3431 33.6124),POINT (-587585.3019577853 -577393.9502235617)
48233,p48,hutchinson,TX,35.8101,-101.3545,POINT (-101.3545 35.8101),POINT (-481817.5763767106 -339884.6656697622)
48279,p48,lamb,TX,34.0888,-102.3518,POINT (-102.3518 34.0888),POINT (-584712.898137306 -524623.9479638865)
48295,p48,lipscomb,TX,36.3128,-100.2732,POINT (-100.2732 36.3128),POINT (-381985.93275467504 -289302.21403231955)
48303,p48,lubbock,TX,33.6145,-101.8206,POINT (-101.8206 33.6145),POINT (-539237.9122198734 -580389.2249792194)
48305,p48,lynn,TX,33.179,-101.8167,POINT (-101.8167 33.179),POINT (-541955.4324382504 -628616.0334933085)
48341,p48,moore,TX,35.8374,-101.8929,POINT (-101.8929 35.8374),POINT (-530004.9082474402 -333874.8735185993)
48357,p48,ochiltree,TX,36.2819,-100.8158,POINT (-100.8158 36.2819),POINT (-430627.9818239503 -290309.59977678204)
48359,p48,oldham,TX,35.4003,-102.6039,POINT (-102.6039 35.4003),POINT (-597354.8292116678 -377864.52839282714)
48369,p48,parmer,TX,34.5279,-102.7843,POINT (-102.7843 34.5279),POINT (-620835.598339459 -473183.13635803363)
48375,p48,potter,TX,35.3994,-101.8943,POINT (-101.8943 35.3994),POINT (-533269.2534442596 -382362.35742737015)
48381,p48,randall,TX,34.9643,-101.8967,POINT (-101.8967 34.9643),POINT (-536604.7443769439 -430519.0998827252)
48393,p48,roberts,TX,35.8244,-100.8135,POINT (-100.8135 35.8244),POINT (-433100.41275734385 -341013.9888161557)
48421,p48,sherman,TX,36.2705,-101.8934,POINT (-101.8934 36.2705),POINT (-526946.6638721107 -285915.3843211785)
48437,p48,swisher,TX,34.535,-101.7351,POINT (-101.7351 34.535),POINT (-524911.4548922146 -478987.6810332531)
48445,p48,terry,TX,33.1754,-102.3353,POINT (-102.3353 33.1754),POINT (-590227.8397149653 -625795.6090778122)
48483,p48,wheeler,TX,35.4067,-100.2697,POINT (-100.2697 35.4067),POINT (-386378.14963470143 -389744.42557522206)
48501,p48,yoakum,TX,33.1614,-102.828,POINT (-102.828 33.1614),POINT (-636163.7434422794 -624031.8531372503)
48037,p57,bowie,TX,33.4761,-94.3949,POINT (-94.3949 33.4761),POINT (149065.14821301357 -611640.4616602224)
48063,p57,camp,TX,32.99,-94.9935,POINT (-94.9935 32.99),POINT (94071.32785108442 -666345.7978286381)
48067,p57,cass,TX,33.101,-94.3483,POINT (-94.3483 33.101),POINT (154145.68226614306 -653158.5666994741)
48183,p57,gregg,TX,32.509,-94.8444,POINT (-94.8444 32.509),POINT (108681.86109296561 -719519.1277206925)
48203,p57,harrison,TX,32.5634,-94.3724,POINT (-94.3724 32.5634),POINT (152960.64791327232 -712810.0351867243)
48315,p57,marion,TX,32.7826,-94.3622,POINT (-94.3622 32.7826),POINT (153482.65460517968 -688487.8481925603)
48343,p57,morris,TX,33.1234,-94.7341,POINT (-94.7341 33.1234),POINT (118108.99009820061 -651250.3962322931)
48365,p57,panola,TX,32.1837,-94.3114,POINT (-94.3114 32.1837),POINT (159472.22410195714 -754804.7884119583)
48449,p57,titus,TX,33.19,-94.9689,POINT (-94.9689 33.19),POINT (96119.67317780317 -644140.3141240296)
48459,p57,upshur,TX,32.7068,-94.9274,POINT (-94.9274 32.7068),POINT (100618.32796239732 -697680.5198409709)
48141,p59,el paso,TX,31.6952,-106.1718,POINT (-106.1718 31.6952),POINT (-964721.5458057785 -756597.9143199826)
48023,p60,baylor,TX,33.616,-99.2137,POINT (-99.2137 33.616),POINT (-297861.40951817937 -592186.9840751059)
48033,p60,borden,TX,32.7474,-101.4322,POINT (-101.4322 32.7474),POINT (-509023.7314700366 -678606.5904826536)
48045,p60,briscoe,TX,34.535,-101.2086,POINT (-101.2086 34.535),POINT (-476777.9502315398 -481878.81014409877)
48075,p60,childress,TX,34.5307,-100.2067,POINT (-100.2067 34.5307),POINT (-385161.9910384755 -487089.3759782462)
48101,p60,cottle,TX,34.0712,-100.2829,POINT (-100.2829 34.0712),POINT (-394526.3841131001 -537679.8489866683)
48107,p60,crosby,TX,33.6161,-101.3,POINT (-101.3 33.6161),POINT (-491054.6426757535 -583152.5817393793)
48115,p60,dawson,TX,32.737,-101.9478,POINT (-101.9478 32.737),POINT (-557347.6613114502 -676743.4822930079)
48125,p60,dickens,TX,33.6166,-100.7789,POINT (-100.7789 33.6166),POINT (-442817.4413819454 -585764.9910265799)
48151,p60,fisher,TX,32.7425,-100.4024,POINT (-100.4024 32.7425),POINT (-412636.330261216 -684352.4974531175)
48155,p60,foard,TX,33.9777,-99.7617,POINT (-99.7617 33.9777),POINT (-346971.8662801299 -550159.701020788)
48191,p60,hall,TX,34.534,-100.6806,POINT (-100.6806 34.534),POINT (-428497.0249870055 -484609.89503996406)
48197,p60,hardeman,TX,34.315,-99.7365,POINT (-99.7365 34.315),POINT (-343116.4170618457 -512871.6166031345)
48207,p60,haskell,TX,33.1786,-99.7307,POINT (-99.7307 33.1786),POINT (-347738.4523353493 -638834.9819160172)
48227,p60,howard,TX,32.2992,-101.4356,POINT (-101.4356 32.2992),POINT (-512302.3882604303 -728203.0012694121)
48253,p60,jones,TX,32.7392,-99.8789,POINT (-99.8789 32.7392),POINT (-363615.8086470306 -686945.7909969426)
48263,p60,kent,TX,33.1797,-100.7781,POINT (-100.7781 33.1797),POINT (-445280.75792222144 -634159.6828767051)
48269,p60,king,TX,33.6116,-100.2558,POINT (-100.2558 33.6116),POINT (-394409.7236410256 -588719.7923271246)
48275,p60,knox,TX,33.6159,-99.7337,POINT (-99.7337 33.6159),POINT (-346033.0010063022 -590362.5604578402)
48335,p60,mitchell,TX,32.2991,-100.9214,POINT (-100.9214 32.2991),POINT (-463889.36758707074 -730965.8568739418)
48345,p60,motley,TX,34.0728,-100.7798,POINT (-100.7798 34.0728),POINT (-440250.2017001787 -535228.65297868)
48353,p60,nolan,TX,32.3092,-100.4063,POINT (-100.4063 32.3092),POINT (-415322.0523950288 -732330.0340514665)
48415,p60,scurry,TX,32.7541,-100.9166,POINT (-100.9166 32.7541),POINT (-460718.6731891392 -680605.8433154671)
48433,p60,stonewall,TX,33.1802,-100.2535,POINT (-100.2535 33.1802),POINT (-396427.302609569 -636524.9317437253)
48487,p60,wilbarger,TX,34.1523,-99.2142,POINT (-99.2142 34.1523),POINT (-295811.7208220993 -532735.8119784321)
48043,p61,brewster,TX,29.8231,-103.0823,POINT (-103.0823 29.8231),POINT (-688523.8477880476 -991254.6268635306)
48059,p61,callahan,TX,32.2983,-99.3739,POINT (-99.3739 32.2983),POINT (-318107.5429823351 -737688.6877131436)
48081,p61,coke,TX,31.8934,-100.5296,POINT (-100.5296 31.8934),POINT (-429223.3102508053 -777811.3337528412)
48083,p61,coleman,TX,31.7432,-99.4612,POINT (-99.4612 31.7432),POINT (-328669.97706884815 -798889.3580473001)
48095,p61,concho,TX,31.3218,-99.8577,POINT (-99.8577 31.3218),POINT (-368275.3961665654 -844061.2561326271)
48105,p61,crockett,TX,30.6879,-101.3732,POINT (-101.3732 30.6879),POINT (-516947.03337274503 -906899.1931802713)
48109,p61,culberson,TX,31.3019,-104.4978,POINT (-104.4978 31.3019),POINT (-810517.0514650188 -816271.6769855429)
48229,p61,hudspeth,TX,31.3165,-105.4233,POINT (-105.4233 31.3165),POINT (-898325.0128083922 -805990.3841560616)
48235,p61,irion,TX,31.3054,-100.9812,POINT (-100.9812 31.3054),POINT (-475535.0599054217 -840680.3086760947)
48243,p61,jeff davis,TX,30.761,-104.158,POINT (-104.158 30.761),POINT (-783552.1514890622 -878960.9693159478)
48271,p61,kinney,TX,29.3544,-100.4105,POINT (-100.4105 29.3544),POINT (-431552.550065453 -1059517.2256178763)
48371,p61,pecos,TX,30.7143,-102.6595,POINT (-102.6595 30.7143),POINT (-640287.9363865987 -895818.4864173045)
48377,p61,presidio,TX,29.9461,-104.2391,POINT (-104.2391 29.9461),POINT (-799470.1471793397 -968231.1854616983)
48389,p61,reeves,TX,31.3853,-103.6537,POINT (-103.6537 31.3853),POINT (-729431.5521683873 -814186.8824311069)
48399,p61,runnels,TX,31.839,-99.9766,POINT (-99.9766 31.839),POINT (-377119.5935405064 -786281.3866304322)
48413,p61,schleicher,TX,30.9013,-100.539,POINT (-100.539 30.9013),POINT (-435585.3367112559 -887631.2865580147)
48431,p61,sterling,TX,31.8222,-101.0451,POINT (-101.0451 31.8222),POINT (-478461.18374150293 -783130.312449941)
48435,p61,sutton,TX,30.4919,-100.5386,POINT (-100.5386 30.4919),POINT (-437804.65011740976 -932964.9893906884)
48441,p61,taylor,TX,32.3045,-99.8901,POINT (-99.8901 32.3045),POINT (-366720.5132279524 -735063.711768536)
48443,p61,terrell,TX,30.2125,-102.1628,POINT (-102.1628 30.2125),POINT (-596364.4397684507 -954679.006962248)
48451,p61,tom green,TX,31.3893,-100.4023,POINT (-100.4023 31.3893),POINT (-419866.7153996723 -834231.7600199991)
48465,p61,val verde,TX,29.7645,-101.0491,POINT (-101.0491 29.7645),POINT (-491462.68245934905 -1010889.3959236352)
48003,p62,andrews,TX,32.2885,-102.6379,POINT (-102.6379 32.2885),POINT (-625522.8249949389 -721887.5283408486)
48103,p62,crane,TX,31.3689,-102.5403,POINT (-102.5403 31.3689),POINT (-623647.190485866 -824258.5749004544)
48135,p62,ector,TX,31.8599,-102.5429,POINT (-102.5429 31.8599),POINT (-619992.4906042028 -769938.7505413905)
48173,p62,glasscock,TX,31.8477,-101.5209,POINT (-101.5209 31.8477),POINT (-523360.78701706626 -777694.3686485299)
48301,p62,loving,TX,31.826,-103.5679,POINT (-103.5679 31.826),POINT (-717223.4668147177 -766172.5292649519)
48317,p62,martin,TX,32.299,-101.9515,POINT (-101.9515 32.299),POINT (-560861.119678702 -725189.9949403041)
48329,p62,midland,TX,31.8364,-102.0316,POINT (-102.0316 31.8364),POINT (-571788.5319713316 -775878.8299100638)
48383,p62,reagan,TX,31.3693,-101.523,POINT (-101.523 31.3693),POINT (-526769.7142748317 -830630.0297976242)
48461,p62,upton,TX,31.369,-102.0443,POINT (-102.0443 31.369),POINT (-576422.648364582 -827510.5291718674)
48475,p62,ward,TX,31.4598,-103.1287,POINT (-103.1287 31.4598),POINT (-678857.3419932785 -810006.807091598)
48495,p62,winkler,TX,31.8614,-103.0627,POINT (-103.0627 31.8614),POINT (-669140.2651028204 -766099.4329341521)
48001,p63,anderson,TX,31.7951,-95.6887,POINT (-95.6887 31.7951),POINT (29548.401835648234 -799321.1603212316)
48005,p63,angelina,TX,31.2769,-94.6355,POINT (-94.6355 31.2769),POINT (130370.92869996703 -855853.6784814374)
48009,p63,archer,TX,33.6138,-98.6883,POINT (-98.6883 33.6138),POINT (-249187.33853742707 -594006.6646209811)
48027,p63,bell,TX,31.0402,-97.51,POINT (-97.51 31.0402),POINT (-144705.20954216673 -881874.5582282569)
48035,p63,bosque,TX,31.8982,-97.6486,POINT (-97.6486 31.8982),POINT (-156266.44646775947 -786527.1822768024)
48049,p63,brown,TX,31.7664,-98.958,POINT (-98.958 31.7664),POINT (-280821.5973863738 -797999.7424651281)
48073,p63,cherokee,TX,31.7826,-95.1853,POINT (-95.1853 31.7826),POINT (77341.57388365126 -800412.1694154191)
48077,p63,clay,TX,33.81,-98.2007,POINT (-98.2007 33.81),POINT (-203474.7287656719 -573462.4583178727)
48085,p63,collin,TX,33.1929,-96.5676,POINT (-96.5676 33.1929),POINT (-52910.23365735182 -644197.2951136761)
48093,p63,comanche,TX,31.9702,-98.5993,POINT (-98.5993 31.9702),POINT (-246133.76531965946 -776448.2296145606)
48097,p63,cooke,TX,33.6877,-97.2144,POINT (-97.2144 33.6877),POINT (-112470.45549034068 -588733.803791478)
48099,p63,coryell,TX,31.394,-97.8008,POINT (-97.8008 31.394),POINT (-171795.1862918194 -842149.4514260619)
48113,p63,dallas,TX,32.7661,-96.7774,POINT (-96.7774 32.7661),POINT (-72870.28447503647 -691385.2405408155)
48119,p63,delta,TX,33.357,-95.7245,POINT (-95.7245 33.357),POINT (25627.01982322948 -626122.996615496)
48121,p63,denton,TX,33.2078,-97.1156,POINT (-97.1156 33.2078),POINT (-103971.5640524527 -642073.588425032)
48133,p63,eastland,TX,32.2936,-98.8015,POINT (-98.8015 32.2936),POINT (-264173.51705682307 -740036.8049642332)
48139,p63,ellis,TX,32.3014,-96.7619,POINT (-96.7619 32.3014),POINT (-71847.85320530352 -742929.1408324237)
48143,p63,erath,TX,32.214,-98.2274,POINT (-98.2274 32.214),POINT (-210265.02111921992 -750353.6646279362)
48145,p63,falls,TX,31.2537,-96.9393,POINT (-96.9393 31.2537),POINT (-89772.84867076162 -858938.9380443726)
48147,p63,fannin,TX,33.6132,-96.1193,POINT (-96.1193 33.6132),POINT (-11059.757753536343 -597738.53246187)
48159,p63,franklin,TX,33.179,-95.2164,POINT (-95.2164 33.179),POINT (73058.85012145093 -645589.772554126)
48161,p63,freestone,TX,31.7139,-96.1581,POINT (-96.1581 31.7139),POINT (-15021.671243540744 -808362.2385825282)
48181,p63,grayson,TX,33.6831,-96.662,POINT (-96.662 33.6831),POINT (-61315.40046724796 -589770.2632665951)
48193,p63,hamilton,TX,31.7167,-98.0987,POINT (-98.0987 31.7167),POINT (-199386.7527194935 -805770.7522354871)
48213,p63,henderson,TX,32.1827,-95.8182,POINT (-95.8182 32.1827),POINT (17170.852794170023 -756374.8706382514)
48217,p63,hill,TX,31.9888,-97.1227,POINT (-97.1227 31.9888),POINT (-106297.04815059733 -777239.0026920723)
48221,p63,hood,TX,32.3932,-97.8161,POINT (-97.8161 32.3932),POINT (-171048.52480917436 -731346.3731480608)
48223,p63,hopkins,TX,33.1751,-95.5852,POINT (-95.5852 33.1751),POINT (38676.27193961689 -646248.1607701954)
48225,p63,houston,TX,31.26,-95.4349,POINT (-95.4349 31.26),POINT (54005.911610178206 -858535.3727687595)
48231,p63,hunt,TX,33.1232,-96.0795,POINT (-96.0795 33.1232),POINT (-7417.313376407463 -652088.9344649743)
48237,p63,jack,TX,33.2355,-98.1705,POINT (-98.1705 33.2355),POINT (-202199.18942518637 -637231.3113231233)
48251,p63,johnson,TX,32.3415,-97.3509,POINT (-97.3509 32.3415),POINT (-127322.39660442596 -737839.5954545791)
48257,p63,kaufman,TX,32.5982,-96.2991,POINT (-96.2991 32.5982),POINT (-28097.521388071065 -710269.6335802877)
48277,p63,lamar,TX,33.6614,-95.5832,POINT (-95.5832 33.6614),POINT (38616.191789439465 -592311.420604133)
48281,p63,lampasas,TX,31.2393,-98.2864,POINT (-98.2864 31.2393),POINT (-218542.5371357802 -858258.3749671243)
48289,p63,leon,TX,31.3146,-95.9962,POINT (-95.9962 31.3146),POINT (363.4504820071792 -852648.8792746399)
48293,p63,limestone,TX,31.5165,-96.5516,POINT (-96.5516 31.5165),POINT (-52542.90345429071 -830104.0992047846)
48307,p63,mcculloch,TX,31.217,-99.3467,POINT (-99.3467 31.217),POINT (-319942.56105616 -857599.7484240847)
48309,p63,mclennan,TX,31.5514,-97.2004,POINT (-97.2004 31.5514),POINT (-114291.66211809368 -825641.1911699788)
48313,p63,madison,TX,30.9585,-95.9474,POINT (-95.9474 30.9585),POINT (5046.723735969878 -892128.8719456889)
48331,p63,milam,TX,30.7849,-96.9758,POINT (-96.9758 30.7849),POINT (-93817.1739196438 -910875.0495721458)
48333,p63,mills,TX,31.4778,-98.6518,POINT (-98.6518 31.4778),POINT (-252690.96252127286 -830880.2206454475)
48337,p63,montague,TX,33.7131,-97.732,POINT (-97.732 33.7131),POINT (-160349.14842644887 -585142.8359167953)
48349,p63,navarro,TX,32.0628,-96.4755,POINT (-96.4755 32.0628),POINT (-44978.150240316776 -769570.3388324189)
48363,p63,palo pinto,TX,32.7706,-98.3186,POINT (-98.3186 32.7706),POINT (-217303.54915248445 -688434.611661474)
48367,p63,parker,TX,32.7816,-97.8046,POINT (-97.8046 32.7816),POINT (-169113.46520342023 -688303.875662888)
48379,p63,rains,TX,32.8458,-95.8013,POINT (-95.8013 32.8458),POINT (18606.74034249524 -682836.7311341069)
48387,p63,red river,TX,33.6418,-95.0283,POINT (-95.0283 33.6418),POINT (90048.7488379749 -594093.9072754058)
48395,p63,robertson,TX,31.0267,-96.5129,POINT (-96.5129 31.0267),POINT (-49161.88751216715 -884430.8159290642)
48397,p63,rockwall,TX,32.8972,-96.4077,POINT (-96.4077 32.8972),POINT (-38151.32650355051 -677071.3473789933)
48401,p63,rusk,TX,32.1261,-94.7873,POINT (-94.7873 32.1261),POINT (114616.2191969002 -761906.2938789531)
48411,p63,san saba,TX,31.2064,-98.8303,POINT (-98.8303 31.2064),POINT (-270628.69777923037 -860446.1327127508)
48417,p63,shackelford,TX,32.7367,-99.354,POINT (-99.354 32.7367),POINT (-314444.7768285259 -689173.9884920563)
48423,p63,smith,TX,32.4125,-95.2456,POINT (-95.2456 32.4125),POINT (71039.562739678 -730615.1958835413)
48425,p63,somervell,TX,32.2014,-97.7856,POINT (-97.7856 32.2014),POINT (-168592.5867510109 -752668.0480060712)
48429,p63,stephens,TX,32.7377,-98.836,POINT (-98.836 32.7377),POINT (-265894.77710312454 -690711.2473894033)
48439,p63,tarrant,TX,32.7708,-97.2917,POINT (-97.2917 32.7708),POINT (-121069.0187031779 -690317.334306378)
48447,p63,throckmorton,TX,33.1541,-99.2122,POINT (-99.2122 33.1541),POINT (-299526.3204103393 -643390.0848847793)
48467,p63,van zandt,TX,32.6033,-95.8351,POINT (-95.8351 32.6033),POINT (15490.348958059294 -709736.1119815687)
48485,p63,wichita,TX,33.9973,-98.6882,POINT (-98.6882 33.9973),POINT (-247924.5001874418 -551488.0022514953)
48497,p63,wise,TX,33.2115,-97.6555,POINT (-97.6555 33.2115),POINT (-154277.1916162034 -640898.9403967443)
48499,p63,wood,TX,32.7755,-95.3972,POINT (-95.3972 32.7755),POINT (56498.149456104904 -690466.7149919356)
48503,p63,young,TX,33.1668,-98.6883,POINT (-98.6883 33.1668),POINT (-250648.37571624992 -643562.5592763931)
48015,p64,austin,TX,29.8495,-96.275,POINT (-96.275 29.8495),POINT (-26752.41699862474 -1015032.8949105365)
48019,p64,bandera,TX,29.729,-99.2012,POINT (-99.2012 29.729),POINT (-311827.34255877504 -1022957.9936681835)
48021,p64,bastrop,TX,30.1035,-97.3242,POINT (-97.3242 30.1035),POINT (-128408.62324538948 -985984.5713783149)
48031,p64,blanco,TX,30.2172,-98.4077,POINT (-98.4077 30.2172),POINT (-233125.20039210352 -971235.4743323061)
48041,p64,brazos,TX,30.6529,-96.3806,POINT (-96.3806 30.6529),POINT (-36653.69980135671 -925934.5218686293)
48051,p64,burleson,TX,30.5133,-96.6354,POINT (-96.6354 30.5133),POINT (-61300.080544280056 -941273.7625691008)
48053,p64,burnet,TX,30.7338,-98.1859,POINT (-98.1859 30.7338),POINT (-210281.34178611854 -914522.1971574688)
48055,p64,caldwell,TX,29.8519,-97.6266,POINT (-97.6266 29.8519),POINT (-158227.31564952407 -1013396.2263787874)
48089,p64,colorado,TX,29.6055,-96.5236,POINT (-96.5236 29.6055),POINT (-51092.085831594086 -1041973.4681881939)
48091,p64,comal,TX,29.8168,-98.2891,POINT (-98.2891 29.8168),POINT (-222758.03346654793 -1015902.6964478084)
48123,p64,dewitt,TX,29.0996,-97.3051,POINT (-97.3051 29.0996),POINT (-128148.95840436204 -1097278.1977743874)
48137,p64,edwards,TX,29.9663,-100.3478,POINT (-100.3478 29.9663),POINT (-422190.30773863755 -992061.6084654593)
48149,p64,fayette,TX,29.8921,-96.9151,POINT (-96.9151 29.8921),POINT (-88974.61659144342 -1009904.5971730254)
48171,p64,gillespie,TX,30.3291,-98.9457,POINT (-98.9457 30.3291),POINT (-284800.0947483728 -957308.3287665109)
48177,p64,gonzales,TX,29.4484,-97.5027,POINT (-97.5027 29.4484),POINT (-146913.00125945083 -1058323.7084018204)
48185,p64,grimes,TX,30.5451,-95.9916,POINT (-95.9916 30.5451),POINT (810.5411578145281 -937961.9452351222)
48187,p64,guadalupe,TX,29.6123,-97.9639,POINT (-97.9639 29.6123),POINT (-191605.29633839094 -1039303.6546029783)
48209,p64,hays,TX,30.065,-98.0268,POINT (-98.0268 30.065),POINT (-196626.00808166404 -988999.9710220345)
48259,p64,kendall,TX,29.93,-98.6715,POINT (-98.6715 29.93),POINT (-259593.08912064033 -1002347.9002869325)
48265,p64,kerr,TX,30.0494,-99.3054,POINT (-99.3054 30.0494),POINT (-320686.2225863626 -987102.6313253345)
48267,p64,kimble,TX,30.4915,-99.7102,POINT (-99.7102 30.4915),POINT (-357945.8294540958 -936622.8905119898)
48285,p64,lavaca,TX,29.3566,-96.8972,POINT (-96.8972 29.3566),POINT (-87818.19744750968 -1069277.244198213)
48287,p64,lee,TX,30.2949,-96.8887,POINT (-96.8887 30.2949),POINT (-85972.66161865888 -965280.0819018108)
48299,p64,llano,TX,30.704,-98.6891,POINT (-98.6891 30.704),POINT (-258773.4143926368 -916530.8700228265)
48319,p64,mason,TX,30.7183,-99.2239,POINT (-99.2239 30.7183),POINT (-310161.8766791334 -913278.3449734327)
48327,p64,menard,TX,30.9164,-99.8004,POINT (-99.8004 30.9164),POINT (-364680.7627252806 -889199.2099978904)
48385,p64,real,TX,29.853,-99.8126,POINT (-99.8126 29.853),POINT (-370777.2750876474 -1006934.8694406237)
48453,p64,travis,TX,30.3252,-97.7773,POINT (-97.7773 30.3252),POINT (-171862.51070945623 -960665.4396668812)
48471,p64,walker,TX,30.795,-95.5934,POINT (-95.5934 30.795),POINT (39088.3587179821 -910170.0492170771)
48473,p64,waller,TX,29.9884,-95.9999,POINT (-95.9999 29.9884),POINT (10.16827772699076 -999676.0356302932)
48477,p64,washington,TX,30.2215,-96.4299,POINT (-96.4299 30.2215),POINT (-41627.06764647633 -973737.7703226677)
48491,p64,williamson,TX,30.6541,-97.6352,POINT (-97.6352 30.6541),POINT (-157469.64553757609 -924466.5291344465)
48007,p65,aransas,TX,28.2209,-96.8754,POINT (-96.8754 28.2209),POINT (-86892.35895907371 -1195164.5605000576)
48013,p65,atascosa,TX,28.9347,-98.5218,POINT (-98.5218 28.9347),POINT (-248100.11840969374 -1113041.9176065777)
48025,p65,bee,TX,28.4248,-97.7101,POINT (-97.7101 28.4248),POINT (-169314.3414615119 -1171397.127431475)
48029,p65,bexar,TX,29.4377,-98.4722,POINT (-98.4722 29.4377),POINT (-241710.68072937772 -1057444.0643297303)
48047,p65,brooks,TX,27.0383,-98.2019,POINT (-98.2019 27.0383),POINT (-221707.06958276904 -1323953.2978008075)
48057,p65,calhoun,TX,28.5138,-96.695,POINT (-96.695 28.5138),POINT (-68738.84072083328 -1162858.8993190436)
48061,p65,cameron,TX,26.1073,-97.5787,POINT (-97.5787 26.1073),POINT (-160749.95541358745 -1428390.2126955816)
48127,p65,dimmit,TX,28.4132,-99.7548,POINT (-99.7548 28.4132),POINT (-371727.06023197394 -1166617.639819075)
48131,p65,duval,TX,27.6613,-98.5174,POINT (-98.5174 27.6613),POINT (-251561.92792719946 -1254123.772300575)
48163,p65,frio,TX,28.8624,-99.1075,POINT (-99.1075 28.8624),POINT (-305975.5114948579 -1119272.5359346098)
48175,p65,goliad,TX,28.6571,-97.4682,POINT (-97.4682 28.6571),POINT (-144951.999822319 -1146072.366967167)
48215,p65,hidalgo,TX,26.3986,-98.1887,POINT (-98.1887 26.3986),POINT (-222078.75940888308 -1394843.147904428)
48239,p65,jackson,TX,28.9696,-96.562,POINT (-96.562 28.9696),POINT (-55273.38730408051 -1112433.3696436628)
48247,p65,jim hogg,TX,27.0717,-98.7105,POINT (-98.7105 27.0717),POINT (-272793.9994358881 -1318875.1205711411)
48249,p65,jim wells,TX,27.659,-98.0873,POINT (-98.0873 27.659),POINT (-208596.3956695478 -1255463.4913170892)
48255,p65,karnes,TX,28.9476,-97.9006,POINT (-97.9006 28.9476),POINT (-186965.5837605963 -1113094.1886107554)
48261,p65,kenedy,TX,26.9412,-97.7741,POINT (-97.7741 26.9412),POINT (-178847.49774225624 -1335649.013842547)
48273,p65,kleberg,TX,27.4227,-97.9022,POINT (-97.9022 27.4227),POINT (-190647.03154807937 -1282047.1616583876)
48283,p65,la salle,TX,28.301,-99.0981,POINT (-99.0981 28.301),POINT (-307163.2455272472 -1181487.5058683604)
48297,p65,live oak,TX,28.4249,-98.1422,POINT (-98.1422 28.4249),POINT (-212088.5976897741 -1170482.6196399326)
48311,p65,mcmullen,TX,28.3555,-98.5677,POINT (-98.5677 28.3555),POINT (-254421.5782873967 -1177083.2205066718)
48321,p65,matagorda,TX,28.8246,-95.9122,POINT (-95.9122 28.8246),POINT (8651.340289602842 -1128670.5579686507)
48323,p65,maverick,TX,28.6426,-100.2812,POINT (-100.2812 28.6426),POINT (-422612.1553768104 -1138925.998190913)
48325,p65,medina,TX,29.4024,-99.1087,POINT (-99.1087 29.4024),POINT (-304054.09352179035 -1059450.7251627266)
48355,p65,nueces,TX,27.7778,-97.6629,POINT (-97.6629 27.7778),POINT (-165948.7646563632 -1243172.838172374)
48391,p65,refugio,TX,28.3093,-97.1471,POINT (-97.1471 28.3093),POINT (-113737.04939111297 -1185069.4949976217)
48409,p65,san patricio,TX,27.9997,-97.5016,POINT (-97.5016 27.9997),POINT (-149448.5160656678 -1218865.0034937058)
48427,p65,starr,TX,26.5105,-98.7859,POINT (-98.7859 26.5105),POINT (-282278.97040524817 -1380798.661628152)
48463,p65,uvalde,TX,29.3551,-99.7622,POINT (-99.7622 29.3551),POINT (-368154.4209944664 -1062281.7691132806)
48469,p65,victoria,TX,28.7954,-96.9415,POINT (-96.9415 28.7954),POINT (-92796.15400362007 -1131432.06834692)
48479,p65,webb,TX,27.7332,-99.288,POINT (-99.288 27.7332),POINT (-328251.01231935405 -1243710.9610488669)
48481,p65,wharton,TX,29.299,-96.221,POINT (-96.221 29.299),POINT (-21647.003323274323 -1076067.4005010042)
48489,p65,willacy,TX,26.4556,-97.7389,POINT (-97.7389 26.4556),POINT (-176324.97054395964 -1389511.5884017262)
48493,p65,wilson,TX,29.1652,-98.0851,POINT (-98.0851 29.1652),POINT (-204560.8757857788 -1088585.841679128)
48505,p65,zapata,TX,26.9454,-99.1717,POINT (-99.1717 26.9454),POINT (-319679.8888992299 -1331364.599901291)
48507,p65,zavala,TX,28.8648,-99.7623,POINT (-99.7623 28.8648),POINT (-370405.17518824956 -1116578.8426972956)
48071,p66,chambers,TX,29.7071,-94.5223,POINT (-94.5223 29.7071),POINT (144005.30108594798 -1029691.3966490164)
48199,p66,hardin,TX,30.3124,-94.3867,POINT (-94.3867 30.3124),POINT (156031.5393785712 -962378.8934867394)
48241,p66,jasper,TX,30.7013,-93.9986,POINT (-93.9986 30.7013),POINT (192615.1926968007 -918531.8329773208)
48245,p66,jefferson,TX,29.8764,-94.1418,POINT (-94.1418 29.8764),POINT (180698.87172583592 -1010250.4177473232)
48291,p66,liberty,TX,30.1848,-94.8629,POINT (-94.8629 30.1848),POINT (110154.88318335626 -977217.6022179449)
48339,p66,montgomery,TX,30.3293,-95.5146,POINT (-95.5146 30.3293),POINT (46938.41780671811 -961760.6439585437)
48347,p66,nacogdoches,TX,31.5347,-94.5952,POINT (-94.5952 31.5347),POINT (133780.85618139076 -827214.6676602045)
48351,p66,newton,TX,30.7161,-93.745,POINT (-93.745 30.7161),POINT (216976.41745372387 -916322.2523460068)
48361,p66,orange,TX,30.1075,-93.8955,POINT (-93.8955 30.1075),POINT (204054.8372552405 -984119.0173555729)
48373,p66,polk,TX,30.8186,-94.897,POINT (-94.897 30.8186),POINT (106001.8915344705 -906999.755694721)
48403,p66,sabine,TX,31.3731,-93.8461,POINT (-93.8461 31.3731),POINT (205530.19266944125 -843736.0447557722)
48405,p66,san augustine,TX,31.377,-94.1756,POINT (-94.1756 31.377),POINT (174084.6517984346 -843989.1917019328)
48407,p66,san jacinto,TX,30.6136,-95.1783,POINT (-95.1783 30.6136),POINT (79173.77980884432 -930011.3220191721)
48419,p66,shelby,TX,31.7749,-94.127,POINT (-94.127 31.7749),POINT (177815.46122281623 -799785.608068937)
48455,p66,trinity,TX,31.1046,-95.1246,POINT (-95.1246 31.1046),POINT (83825.29658249921 -875529.9986750283)
48457,p66,tyler,TX,30.7932,-94.3877,POINT (-94.3877 30.7932),POINT (154992.47567227008 -909086.6966178679)
48039,p67,brazoria,TX,29.2123,-95.5313,POINT (-95.5313 29.2123),POINT (45959.8490229741 -1085585.3967475325)
48157,p67,fort bend,TX,29.5257,-95.746,POINT (-95.746 29.5257),POINT (24810.314756738106 -1050931.0306992473)
48167,p67,galveston,TX,29.3824,-95.0331,POINT (-95.0331 29.3824),POINT (94610.76118944654 -1066347.8924278293)
48201,p67,harris,TX,29.8346,-95.389,POINT (-95.389 29.8346),POINT (59451.1455640121 -1016525.7643072633)
